
Magic 8.3 revision 245 - Compiled on Tue Dec 28 14:40:46 UTC 2021.
Starting magic under Tcl interpreter
Using the terminal as the console.
Using NULL graphics device.
Processing system .magicrc file
Sourcing design .magicrc for technology sky130A ...
2 Magic internal units = 1 Lambda
Input style sky130(vendor): scaleFactor=2, multiplier=2
Scaled tech values by 2 / 1 to match internal grid scaling
Loading sky130A Device Generator Menu ...
Loading "/opt/scripts/generate_fill.tcl" from command line.
Started: 12/28/2021 23:06:43
Warning: Calma reading is not undoable!  I hope that's OK.
Library written using GDS-II Release 3.0
Library name: caravel
Reading "caravel_logo".
Reading "open_source".
Reading "sky130_fd_sc_hvl__decap_8".
CIF file read warning: CIF style sky130(vendor): units rescaled by factor of 5 / 1
Reading "sky130_fd_sc_hvl__diode_2".
Reading "sky130_fd_sc_hvl__decap_4".
Reading "sky130_fd_sc_hvl__fill_2".
Reading "sky130_fd_sc_hvl__fill_1".
Reading "sky130_fd_sc_hvl__lsbufhv2lv_1".
Reading "xres_buf".
Reading "font_22".
Reading "font_73".
Reading "font_43".
Reading "font_49".
Reading "font_65".
Reading "font_68".
Reading "font_54".
Reading "font_67".
Reading "font_6E".
Reading "font_69".
Reading "font_6C".
Reading "font_61".
Reading "font_53".
Reading "caravel_motto".
Reading "alpha_4".
Reading "alpha_8".
Reading "alpha_1".
Reading "alpha_9".
Reading "alpha_2".
Reading "alpha_0".
Reading "user_id_textblock".
Reading "font_62".
Reading "font_66".
Reading "font_29".
Reading "font_20".
Reading "font_28".
Reading "font_33".
Reading "font_56".
Reading "font_76".
Reading "font_72".
Reading "font_2D".
Reading "font_4B".
Reading "font_44".
Reading "font_50".
Reading "font_70".
Reading "font_6F".
Reading "font_74".
Reading "font_57".
Reading "font_6B".
Reading "font_79".
Reading "font_47".
Reading "font_31".
Reading "font_32".
Reading "font_30".
Reading "font_6D".
Reading "font_4E".
Reading "copyright_block".
Reading "sky130_fd_sc_hd__xor2_1".
Reading "sky130_fd_sc_hd__nand3_1".
Reading "sky130_fd_sc_hd__nor3b_2".
Reading "sky130_fd_sc_hd__xnor2_1".
Reading "sky130_fd_sc_hd__nor3b_1".
Reading "sky130_fd_sc_hd__dlygate4sd1_1".
Reading "sky130_fd_sc_hd__dfstp_4".
Reading "sky130_fd_sc_hd__dfstp_2".
Reading "sky130_fd_sc_hd__dfrtn_1".
Reading "sky130_fd_sc_hd__o211a_1".
Reading "sky130_fd_sc_hd__o211ai_4".
Reading "sky130_fd_sc_hd__a21o_1".
Reading "sky130_fd_sc_hd__o21bai_1".
Reading "sky130_fd_sc_hd__nand3b_1".
Reading "sky130_fd_sc_hd__o21ai_1".
Reading "sky130_fd_sc_hd__nor3_1".
Reading "sky130_fd_sc_hd__a21bo_1".
Reading "sky130_fd_sc_hd__nor2_1".
Reading "sky130_fd_sc_hd__o21a_1".
Reading "sky130_fd_sc_hd__dfxtp_1".
Reading "sky130_fd_sc_hd__dfrtp_4".
Reading "sky130_fd_sc_hd__dfstp_1".
Reading "sky130_fd_sc_hd__o2bb2ai_2".
Reading "sky130_fd_sc_hd__dfrtp_2".
Reading "sky130_fd_sc_hd__mux2_1".
Reading "sky130_fd_sc_hd__dfrtp_1".
Reading "sky130_fd_sc_hd__buf_1".
Reading "sky130_fd_sc_hd__or2b_1".
Reading "sky130_fd_sc_hd__clkdlybuf4s25_1".
Reading "sky130_fd_sc_hd__dlymetal6s2s_1".
Reading "sky130_fd_sc_hd__inv_4".
Reading "sky130_fd_sc_hd__clkbuf_16".
Reading "sky130_fd_sc_hd__buf_12".
Reading "sky130_fd_sc_hd__buf_2".
Reading "sky130_fd_sc_hd__clkbuf_2".
Reading "sky130_fd_sc_hd__clkinv_2".
Reading "sky130_fd_sc_hd__clkinv_4".
Reading "sky130_fd_sc_hd__and2_1".
Reading "sky130_fd_sc_hd__nand2_1".
Reading "sky130_fd_sc_hd__diode_2".
Reading "sky130_fd_sc_hd__clkbuf_4".
Reading "sky130_fd_sc_hd__clkbuf_1".
Reading "sky130_fd_sc_hd__mux2_2".
Reading "sky130_fd_sc_hd__decap_8".
Reading "sky130_fd_sc_hd__nand2_2".
Reading "sky130_fd_sc_hd__inv_2".
Reading "sky130_fd_sc_hd__decap_6".
Reading "sky130_fd_sc_hd__fill_2".
Reading "sky130_fd_sc_hd__conb_1".
Reading "sky130_fd_sc_hd__decap_12".
Reading "sky130_fd_sc_hd__tapvpwrvgnd_1".
Reading "sky130_fd_sc_hd__decap_4".
Reading "sky130_fd_sc_hd__fill_1".
Reading "sky130_fd_sc_hd__decap_3".
Reading "caravel_clocking".
Reading "sky130_fd_sc_hd__a221o_1".
Reading "sky130_fd_sc_hd__or4bb_1".
Reading "sky130_fd_sc_hd__or4b_1".
Reading "sky130_fd_sc_hd__or4_1".
Reading "sky130_fd_sc_hd__nand4_1".
Reading "sky130_fd_sc_hd__nand4bb_1".
Reading "sky130_fd_sc_hd__a22o_1".
Reading "sky130_fd_sc_hd__or3_1".
Reading "sky130_fd_sc_hd__o22a_1".
Reading "sky130_fd_sc_hd__o2bb2a_1".
Reading "sky130_fd_sc_hd__or3_4".
Reading "sky130_fd_sc_hd__mux2_8".
Reading "sky130_fd_sc_hd__a22oi_4".
Reading "sky130_fd_sc_hd__or3b_1".
Reading "sky130_fd_sc_hd__a2bb2o_1".
Reading "sky130_fd_sc_hd__and3_1".
Reading "sky130_fd_sc_hd__a211o_1".
Reading "sky130_fd_sc_hd__a21oi_1".
Reading "sky130_fd_sc_hd__or2_4".
Reading "sky130_fd_sc_hd__or4bb_4".
Reading "sky130_fd_sc_hd__o22ai_1".
Reading "sky130_fd_sc_hd__o32a_1".
Reading "sky130_fd_sc_hd__o31ai_4".
Reading "sky130_fd_sc_hd__or2b_2".
Reading "sky130_fd_sc_hd__clkinvlp_2".
Reading "sky130_fd_sc_hd__a311o_1".
Reading "sky130_fd_sc_hd__and4b_1".
Reading "sky130_fd_sc_hd__o221a_1".
Reading "sky130_fd_sc_hd__nor3_4".
Reading "sky130_fd_sc_hd__or4_4".
Reading "sky130_fd_sc_hd__or4b_2".
Reading "sky130_fd_sc_hd__nor2_4".
Reading "sky130_fd_sc_hd__a31o_1".
Reading "sky130_fd_sc_hd__nor4_1".
Reading "sky130_fd_sc_hd__a32o_1".
Reading "sky130_fd_sc_hd__ebufn_2".
Reading "sky130_fd_sc_hd__or3b_2".
Reading "sky130_fd_sc_hd__a22oi_1".
Reading "sky130_fd_sc_hd__mux2_4".
Reading "sky130_fd_sc_hd__a41o_1".
Reading "sky130_fd_sc_hd__o22ai_4".
Reading "sky130_fd_sc_hd__a41o_2".
Reading "sky130_fd_sc_hd__a311oi_1".
Reading "sky130_fd_sc_hd__o21ba_1".
Reading "sky130_fd_sc_hd__o2111ai_1".
Reading "sky130_fd_sc_hd__o311a_1".
Reading "sky130_fd_sc_hd__a211o_4".
Reading "sky130_fd_sc_hd__o221ai_1".
Reading "sky130_fd_sc_hd__o31a_1".
Reading "sky130_fd_sc_hd__o22a_4".
Reading "sky130_fd_sc_hd__o211ai_1".
Reading "sky130_fd_sc_hd__nand3_4".
Reading "sky130_fd_sc_hd__o2111ai_4".
Reading "sky130_fd_sc_hd__and4_1".
Reading "sky130_fd_sc_hd__o2111a_1".
Reading "sky130_fd_sc_hd__o221ai_4".
Reading "sky130_fd_sc_hd__nor4_2".
Reading "sky130_fd_sc_hd__a2111o_2".
Reading "sky130_fd_sc_hd__and3_4".
Reading "sky130_fd_sc_hd__and4bb_1".
Reading "sky130_fd_sc_hd__o211ai_2".
Reading "sky130_fd_sc_hd__o2111a_2".
Reading "sky130_fd_sc_hd__nand4_4".
Reading "sky130_fd_sc_hd__nand4b_4".
Reading "sky130_fd_sc_hd__a311oi_2".
Reading "sky130_fd_sc_hd__a2111o_1".
CIF file read warning: Input off lambda grid by 2/5; snapped to grid.
Reading "sky130_fd_sc_hd__nor3_2".
Reading "sky130_fd_sc_hd__nand4_2".
Reading "sky130_fd_sc_hd__or4b_4".
Reading "sky130_fd_sc_hd__and3b_1".
Reading "sky130_fd_sc_hd__o221a_4".
Reading "sky130_fd_sc_hd__or3b_4".
Reading "sky130_fd_sc_hd__o21ai_4".
Reading "sky130_fd_sc_hd__nor2_8".
Reading "sky130_fd_sc_hd__a31oi_1".
Reading "sky130_fd_sc_hd__o2111ai_2".
Reading "sky130_fd_sc_hd__and4_2".
Reading "sky130_fd_sc_hd__a21o_2".
Reading "sky130_fd_sc_hd__a21bo_2".
Reading "sky130_fd_sc_hd__o221a_2".
Reading "sky130_fd_sc_hd__o22ai_2".
Reading "sky130_fd_sc_hd__o221ai_2".
Reading "sky130_fd_sc_hd__o22a_2".
Reading "sky130_fd_sc_hd__a221o_2".
Reading "sky130_fd_sc_hd__o211a_2".
Reading "sky130_fd_sc_hd__o2bb2a_2".
Reading "sky130_fd_sc_hd__a22o_2".
Reading "sky130_fd_sc_hd__a32o_2".
Reading "sky130_fd_sc_hd__o32a_2".
Reading "sky130_fd_sc_hd__o21ai_2".
Reading "sky130_fd_sc_hd__and3_2".
Reading "sky130_fd_sc_hd__or4_2".
Reading "sky130_fd_sc_hd__or3_2".
Reading "sky130_fd_sc_hd__or2_2".
Reading "sky130_fd_sc_hd__o311a_2".
Reading "sky130_fd_sc_hd__ebufn_8".
Reading "sky130_fd_sc_hd__or2_1".
Reading "sky130_fd_sc_hd__clkbuf_8".
Reading "sky130_fd_sc_hd__inv_12".
Reading "sky130_fd_sc_hd__and2b_1".
Reading "sky130_fd_sc_hd__buf_6".
Reading "sky130_fd_sc_hd__buf_8".
Reading "sky130_fd_sc_hd__nand2_8".
Reading "sky130_fd_sc_hd__clkinv_8".
Reading "sky130_fd_sc_hd__nand2_4".
Reading "sky130_fd_sc_hd__buf_4".
Reading "sky130_fd_sc_hd__inv_6".
Reading "sky130_fd_sc_hd__nor2_2".
Reading "sky130_fd_sc_hd__inv_8".
Reading "housekeeping".
    5000 uses
    10000 uses
    15000 uses
Reading "sky130_fd_sc_hd__einvp_2".
Reading "sky130_fd_sc_hd__clkinv_1".
Reading "sky130_fd_sc_hd__einvn_8".
Reading "sky130_fd_sc_hd__einvn_4".
Reading "sky130_fd_sc_hd__o21a_2".
Reading "sky130_fd_sc_hd__and2_2".
Reading "sky130_fd_sc_hd__o31a_2".
Reading "sky130_fd_sc_hd__o41a_2".
Reading "sky130_fd_sc_hd__a31o_2".
Reading "sky130_fd_sc_hd__einvp_1".
Reading "sky130_fd_sc_hd__a2bb2o_2".
Reading "sky130_fd_sc_hd__a311o_2".
Reading "sky130_fd_sc_hd__a21oi_2".
Reading "sky130_fd_sc_hd__a22oi_2".
Reading "digital_pll".
Reading "sky130_fd_sc_hd__dfbbn_1".
Reading "sky130_fd_sc_hd__einvp_8".
Reading "gpio_logic_high".
Reading "gpio_control_block".
Reading "gpio_defaults_block_1803".
Reading "S0_sky130_fd_pr__nfet_g5v0d10v5_TGFUGS".
Reading "S0_sky130_fd_pr__nfet_g5v0d10v5_ZK8HQC".
Reading "S0_sky130_fd_pr__pfet_g5v0d10v5_ZEUEFZ".
Reading "S0_sky130_fd_pr__pfet_g5v0d10v5_3YBPVB".
Reading "S0_sky130_fd_pr__nfet_g5v0d10v5_PKVMTM".
Reading "S0_sky130_fd_pr__pfet_g5v0d10v5_YUHPBG".
Reading "S0_sky130_fd_pr__pfet_g5v0d10v5_YEUEBV".
Reading "S0_sky130_fd_pr__pfet_g5v0d10v5_YUHPXE".
Reading "S0_sky130_fd_sc_hvl__schmittbuf_1".
Reading "S0_sky130_fd_sc_hvl__buf_8".
Reading "S0_sky130_fd_sc_hvl__fill_4".
Reading "S0_sky130_fd_sc_hvl__inv_8".
Reading "S0_sky130_fd_pr__res_xhigh_po_0p69_S5N9F3".
Reading "S0_sky130_fd_pr__cap_mim_m3_2_W5U4AW".
Reading "S0_sky130_fd_pr__cap_mim_m3_1_WRT4AW".
Reading "simple_por".
Reading "S4_sky130_fd_sc_hd__decap_3".
Reading "S4_sky130_fd_sc_hd__conb_1".
Reading "S4_sky130_fd_sc_hd__fill_1".
Reading "S4_sky130_fd_sc_hd__decap_8".
Reading "S4_sky130_fd_sc_hd__fill_2".
Reading "S4_sky130_fd_sc_hd__decap_6".
Reading "S4_sky130_fd_sc_hd__tapvpwrvgnd_1".
Reading "S4_sky130_fd_sc_hd__decap_4".
Reading "S4_sky130_fd_sc_hd__decap_12".
Reading "user_id_programming".
Reading "L5_sky130_fd_sc_hd__decap_3".
Reading "L5_sky130_fd_sc_hd__tapvpwrvgnd_1".
Reading "L5_sky130_fd_sc_hd__decap_12".
Reading "L5_sky130_fd_sc_hd__decap_6".
Reading "L5_sky130_fd_sc_hd__ebufn_2".
Reading "L5_sky130_fd_sc_hd__fill_1".
Reading "L5_sky130_fd_sc_hd__fill_2".
Reading "L5_sky130_fd_sc_hd__decap_4".
Reading "L5_sky130_fd_sc_hd__diode_2".
Reading "L5_sky130_fd_sc_hd__dfxtp_1".
Reading "L5_sky130_fd_sc_hd__decap_8".
Reading "L5_sky130_fd_sc_hd__mux2_1".
Reading "L5_sky130_fd_sc_hd__mux4_1".
Reading "L5_sky130_fd_sc_hd__inv_1".
Reading "L5_sky130_fd_sc_hd__conb_1".
Reading "L5_sky130_fd_sc_hd__dlclkp_1".
Reading "L5_sky130_fd_sc_hd__and2_1".
Reading "L5_sky130_fd_sc_hd__clkbuf_2".
Reading "L5_sky130_fd_sc_hd__clkbuf_16".
Reading "L5_sky130_fd_sc_hd__clkbuf_1".
Reading "L5_sky130_fd_sc_hd__and2_2".
Reading "L5_sky130_fd_sc_hd__and3b_4".
Reading "L5_sky130_fd_sc_hd__and3_4".
Reading "L5_sky130_fd_sc_hd__nor3b_4".
Reading "L5_sky130_fd_sc_hd__and4_2".
Reading "L5_sky130_fd_sc_hd__and4b_2".
Reading "L5_sky130_fd_sc_hd__and4bb_2".
Reading "L5_sky130_fd_sc_hd__nor4b_2".
Reading "L5_sky130_fd_sc_hd__and2b_2".
Reading "L5_sky130_fd_sc_hd__clkbuf_4".
Reading "L5_DFFRAM".
    5000 uses
    10000 uses
    15000 uses
    20000 uses
    25000 uses
    30000 uses
    35000 uses
    40000 uses
    45000 uses
    50000 uses
Reading "L5_sky130_fd_sc_hd__dlygate4sd3_1".
Reading "L5_sky130_fd_sc_hd__buf_8".
Reading "L5_sky130_fd_sc_hd__buf_6".
Reading "L5_sky130_fd_sc_hd__dfxtp_2".
Reading "L5_sky130_fd_sc_hd__a221o_1".
Reading "L5_sky130_fd_sc_hd__buf_2".
Reading "L5_sky130_fd_sc_hd__a22o_1".
Reading "L5_sky130_fd_sc_hd__dfxtp_4".
Reading "L5_sky130_fd_sc_hd__nand3_4".
Reading "L5_sky130_fd_sc_hd__a221o_2".
Reading "L5_sky130_fd_sc_hd__dlymetal6s2s_1".
Reading "L5_sky130_fd_sc_hd__buf_12".
Reading "L5_sky130_fd_sc_hd__a2111o_1".
Reading "L5_sky130_fd_sc_hd__and4_1".
Reading "L5_sky130_fd_sc_hd__a2111o_2".
Reading "L5_sky130_fd_sc_hd__o211a_1".
Reading "L5_sky130_fd_sc_hd__and3_1".
Reading "L5_sky130_fd_sc_hd__inv_2".
Reading "L5_sky130_fd_sc_hd__and2b_1".
Reading "L5_sky130_fd_sc_hd__nand3b_1".
Reading "L5_sky130_fd_sc_hd__a2111oi_2".
Reading "L5_sky130_fd_sc_hd__a22o_2".
Reading "L5_sky130_fd_sc_hd__a221o_4".
Reading "L5_sky130_fd_sc_hd__nor3b_1".
Reading "L5_sky130_fd_sc_hd__nor3_4".
Reading "L5_sky130_fd_sc_hd__clkinv_8".
Reading "L5_sky130_fd_sc_hd__inv_12".
Reading "L5_sky130_fd_sc_hd__and3b_1".
Reading "L5_sky130_fd_sc_hd__nor3b_2".
Reading "L5_sky130_fd_sc_hd__or2_1".
Reading "L5_sky130_fd_sc_hd__buf_4".
Reading "L5_sky130_fd_sc_hd__a211oi_1".
Reading "L5_sky130_fd_sc_hd__inv_6".
Reading "L5_sky130_fd_sc_hd__nand2_1".
Reading "L5_sky130_fd_sc_hd__nand3b_4".
Reading "L5_sky130_fd_sc_hd__nand3_1".
Reading "L5_sky130_fd_sc_hd__inv_16".
Reading "L5_sky130_fd_sc_hd__o2111a_1".
Reading "L5_sky130_fd_sc_hd__a21oi_1".
Reading "L5_sky130_fd_sc_hd__o21ai_4".
Reading "L5_sky130_fd_sc_hd__mux2_2".
Reading "L5_sky130_fd_sc_hd__inv_4".
Reading "L5_sky130_fd_sc_hd__clkinv_2".
Reading "L5_sky130_fd_sc_hd__a21bo_1".
Reading "L5_sky130_fd_sc_hd__o21a_1".
Reading "L5_sky130_fd_sc_hd__a211o_2".
Reading "L5_sky130_fd_sc_hd__or2b_1".
Reading "L5_sky130_fd_sc_hd__a21oi_4".
Reading "L5_sky130_fd_sc_hd__o21ai_1".
Reading "L5_sky130_fd_sc_hd__a21boi_1".
Reading "L5_sky130_fd_sc_hd__nor3_1".
Reading "L5_sky130_fd_sc_hd__nor2_2".
Reading "L5_sky130_fd_sc_hd__a31oi_1".
Reading "L5_sky130_fd_sc_hd__a21o_1".
Reading "L5_sky130_fd_sc_hd__o21a_2".
Reading "L5_sky130_fd_sc_hd__o21bai_1".
Reading "L5_sky130_fd_sc_hd__o211ai_1".
Reading "L5_sky130_fd_sc_hd__o31ai_1".
Reading "L5_sky130_fd_sc_hd__nor2_1".
Reading "L5_sky130_fd_sc_hd__xor2_4".
Reading "L5_sky130_fd_sc_hd__nand3_2".
Reading "L5_sky130_fd_sc_hd__o21ba_1".
Reading "L5_sky130_fd_sc_hd__a41oi_1".
Reading "L5_sky130_fd_sc_hd__nor3_2".
Reading "L5_sky130_fd_sc_hd__o41ai_1".
Reading "L5_sky130_fd_sc_hd__o21bai_2".
Reading "L5_sky130_fd_sc_hd__xnor2_4".
Reading "L5_sky130_fd_sc_hd__clkbuf_8".
Reading "L5_sky130_fd_sc_hd__a41oi_4".
Reading "L5_sky130_fd_sc_hd__xnor2_2".
Reading "L5_sky130_fd_sc_hd__or3b_1".
Reading "L5_sky130_fd_sc_hd__nand2_4".
Reading "L5_sky130_fd_sc_hd__xnor2_1".
Reading "L5_sky130_fd_sc_hd__nand2_8".
Reading "L5_sky130_fd_sc_hd__xor2_1".
Reading "L5_sky130_fd_sc_hd__nor2b_2".
Reading "L5_sky130_fd_sc_hd__o211a_2".
Reading "L5_sky130_fd_sc_hd__o31a_1".
Reading "L5_sky130_fd_sc_hd__mux2_8".
Reading "L5_sky130_fd_sc_hd__mux2_4".
Reading "L5_sky130_fd_sc_hd__a21oi_2".
Reading "L5_sky130_fd_sc_hd__a21o_2".
Reading "L5_sky130_fd_sc_hd__o21bai_4".
Reading "L5_sky130_fd_sc_hd__a211o_1".
Reading "L5_sky130_fd_sc_hd__a311o_1".
Reading "L5_sky130_fd_sc_hd__a22oi_4".
Reading "L5_sky130_fd_sc_hd__o2111a_4".
Reading "L5_sky130_fd_sc_hd__o22a_1".
Reading "L5_sky130_fd_sc_hd__a31o_1".
Reading "L5_sky130_fd_sc_hd__and4_4".
Reading "L5_sky130_fd_sc_hd__a22oi_2".
Reading "L5_sky130_fd_sc_hd__o41a_2".
Reading "L5_sky130_fd_sc_hd__nand2_2".
Reading "L5_sky130_fd_sc_hd__nor2_8".
Reading "L5_sky130_fd_sc_hd__a32oi_2".
Reading "L5_sky130_fd_sc_hd__a221oi_4".
Reading "L5_sky130_fd_sc_hd__nor2b_4".
Reading "L5_sky130_fd_sc_hd__or4_2".
Reading "L5_sky130_fd_sc_hd__a211oi_2".
Reading "L5_sky130_fd_sc_hd__clkinv_4".
Reading "L5_sky130_fd_sc_hd__a2bb2oi_1".
Reading "L5_sky130_fd_sc_hd__a31oi_4".
Reading "L5_sky130_fd_sc_hd__nand3b_2".
Reading "L5_sky130_fd_sc_hd__a21boi_2".
Reading "L5_sky130_fd_sc_hd__nor2_4".
Reading "L5_sky130_fd_sc_hd__o311ai_1".
Reading "L5_sky130_fd_sc_hd__a41oi_2".
Reading "L5_sky130_fd_sc_hd__or3b_4".
Reading "L5_sky130_fd_sc_hd__clkinv_16".
Reading "L5_sky130_fd_sc_hd__o211ai_4".
Reading "L5_sky130_fd_sc_hd__o21ba_4".
Reading "L5_sky130_fd_sc_hd__o2111ai_2".
Reading "L5_sky130_fd_sc_hd__o2111ai_1".
Reading "L5_sky130_fd_sc_hd__a32o_1".
Reading "L5_sky130_fd_sc_hd__a311oi_1".
Reading "L5_sky130_fd_sc_hd__a2111o_4".
Reading "L5_sky130_fd_sc_hd__or4_4".
Reading "L5_sky130_fd_sc_hd__o21ai_2".
Reading "L5_sky130_fd_sc_hd__a2111oi_1".
Reading "L5_sky130_fd_sc_hd__a211oi_4".
Reading "L5_sky130_fd_sc_hd__o311ai_4".
Reading "L5_sky130_fd_sc_hd__a2111oi_4".
Reading "L5_sky130_fd_sc_hd__mux4_2".
Reading "L5_sky130_fd_sc_hd__or2b_4".
Reading "L5_sky130_fd_sc_hd__o21a_4".
Reading "L5_sky130_fd_sc_hd__and4b_4".
Reading "L5_sky130_fd_sc_hd__o2111ai_4".
Reading "L5_sky130_fd_sc_hd__or2_2".
Reading "L5_sky130_fd_sc_hd__o22ai_1".
Reading "L5_sky130_fd_sc_hd__o2bb2ai_1".
Reading "L5_sky130_fd_sc_hd__a32oi_1".
Reading "L5_sky130_fd_sc_hd__inv_8".
Reading "L5_sky130_fd_sc_hd__a21boi_4".
Reading "L5_sky130_fd_sc_hd__or4_1".
Reading "L5_sky130_fd_sc_hd__o32ai_1".
Reading "L5_sky130_fd_sc_hd__a41o_1".
Reading "L5_sky130_fd_sc_hd__xor2_2".
Reading "L5_sky130_fd_sc_hd__o221ai_1".
Reading "L5_sky130_fd_sc_hd__o32a_1".
Reading "L5_sky130_fd_sc_hd__o41a_1".
Reading "L5_sky130_fd_sc_hd__a22oi_1".
Reading "L5_sky130_fd_sc_hd__and3_2".
Reading "L5_sky130_fd_sc_hd__o221a_2".
Reading "L5_sky130_fd_sc_hd__o221a_1".
Reading "L5_sky130_fd_sc_hd__and2_4".
Reading "L5_sky130_fd_sc_hd__or3_1".
Reading "L5_sky130_fd_sc_hd__o22ai_2".
Reading "L5_sky130_fd_sc_hd__a221oi_2".
Reading "L5_sky130_fd_sc_hd__a221oi_1".
Reading "L5_sky130_fd_sc_hd__o211ai_2".
Reading "L5_sky130_fd_sc_hd__o311ai_2".
Reading "L5_sky130_fd_sc_hd__o31ai_4".
Reading "L5_sky130_fd_sc_hd__a311oi_2".
Reading "L5_sky130_fd_sc_hd__a31oi_2".
Reading "L5_sky130_fd_sc_hd__o311a_2".
Reading "L5_sky130_fd_sc_hd__o41ai_4".
Reading "L5_sky130_fd_sc_hd__or3_2".
Reading "L5_sky130_fd_sc_hd__o31a_4".
Reading "L5_sky130_fd_sc_hd__o21ba_2".
Reading "L5_sky130_fd_sc_hd__a311oi_4".
Reading "L5_sky130_fd_sc_hd__and2b_4".
Reading "L5_sky130_fd_sc_hd__o2bb2ai_2".
Reading "L5_sky130_fd_sc_hd__o2bb2ai_4".
Reading "L5_sky130_fd_sc_hd__o22a_2".
Reading "L5_sky130_fd_sc_hd__and4b_1".
Reading "L5_sky130_fd_sc_hd__nand2b_1".
Reading "L5_sky130_fd_sc_hd__o2111a_2".
Reading "L5_sky130_fd_sc_hd__a2bb2oi_4".
Reading "L5_sky130_fd_sc_hd__a2bb2oi_2".
Reading "L5_sky130_fd_sc_hd__dlymetal6s4s_1".
Reading "L5_sky130_fd_sc_hd__or3_4".
Reading "L5_sky130_fd_sc_hd__a22o_4".
Reading "L5_sky130_fd_sc_hd__a32oi_4".
Reading "L5_sky130_fd_sc_hd__o311a_1".
Reading "L5_sky130_fd_sc_hd__a21o_4".
Reading "L5_sky130_fd_sc_hd__or4b_1".
Reading "L5_sky130_fd_sc_hd__a32o_4".
Reading "L5_sky130_fd_sc_hd__and3b_2".
Reading "L5_sky130_fd_sc_hd__o32ai_4".
Reading "L5_sky130_fd_sc_hd__or2b_2".
Reading "L5_sky130_fd_sc_hd__o221ai_2".
Reading "L5_sky130_fd_sc_hd__a31o_4".
Reading "L5_sky130_sram_2kbyte_1rw1r_32x512_8_contact_39".
Reading "L5_sky130_sram_2kbyte_1rw1r_32x512_8_contact_19".
Reading "L5_sky130_sram_2kbyte_1rw1r_32x512_8_contact_14".
Reading "L5_sky130_sram_2kbyte_1rw1r_32x512_8_contact_13".
Reading "L5_sky130_sram_2kbyte_1rw1r_32x512_8_contact_7".
Reading "L5_sky130_sram_2kbyte_1rw1r_32x512_8_contact_38".
Reading "L5_sky130_sram_2kbyte_1rw1r_32x512_8_contact_33".
Reading "L5_sky130_sram_2kbyte_1rw1r_32x512_8_contact_32".
Reading "L5_sky130_fd_bd_sram__openram_dff".
Reading "L5_sky130_sram_2kbyte_1rw1r_32x512_8_row_addr_dff".
Reading "L5_sky130_sram_2kbyte_1rw1r_32x512_8_wmask_dff".
Reading "L5_sky130_sram_2kbyte_1rw1r_32x512_8_cr_3".
Reading "L5_sky130_sram_2kbyte_1rw1r_32x512_8_col_addr_dff".
Reading "L5_sky130_sram_2kbyte_1rw1r_32x512_8_data_dff".
Reading "L5_sky130_sram_2kbyte_1rw1r_32x512_8_contact_16".
Reading "L5_sky130_sram_2kbyte_1rw1r_32x512_8_contact_29".
Reading "L5_sky130_sram_2kbyte_1rw1r_32x512_8_contact_28".
Reading "L5_sky130_sram_2kbyte_1rw1r_32x512_8_contact_11".
Reading "L5_sky130_sram_2kbyte_1rw1r_32x512_8_nmos_m1_w0_360_sli_dli_da_p".
Reading "L5_sky130_sram_2kbyte_1rw1r_32x512_8_contact_12".
Reading "L5_sky130_sram_2kbyte_1rw1r_32x512_8_pmos_m1_w1_120_sli_dli_da_p".
Reading "L5_sky130_sram_2kbyte_1rw1r_32x512_8_pinv_1".
Reading "L5_sky130_sram_2kbyte_1rw1r_32x512_8_nmos_m1_w0_740_sactive_dli".
Reading "L5_sky130_sram_2kbyte_1rw1r_32x512_8_nmos_m1_w0_740_sli_dactive".
Reading "L5_sky130_sram_2kbyte_1rw1r_32x512_8_pmos_m1_w1_120_sli_dli".
Reading "L5_sky130_sram_2kbyte_1rw1r_32x512_8_pnand2_1".
Reading "L5_sky130_sram_2kbyte_1rw1r_32x512_8_nmos_m3_w1_680_sli_dli_da_p".
Reading "L5_sky130_sram_2kbyte_1rw1r_32x512_8_pmos_m3_w1_680_sli_dli_da_p".
Reading "L5_sky130_sram_2kbyte_1rw1r_32x512_8_pinv_3".
Reading "L5_sky130_sram_2kbyte_1rw1r_32x512_8_nmos_m2_w0_740_sli_dli_da_p".
Reading "L5_sky130_sram_2kbyte_1rw1r_32x512_8_pmos_m2_w1_260_sli_dli_da_p".
Reading "L5_sky130_sram_2kbyte_1rw1r_32x512_8_pinv_2".
Reading "L5_sky130_sram_2kbyte_1rw1r_32x512_8_dff_buf_0".
Reading "L5_sky130_sram_2kbyte_1rw1r_32x512_8_dff_buf_array".
Reading "L5_sky130_sram_2kbyte_1rw1r_32x512_8_nmos_m7_w1_680_sli_dli_da_p".
Reading "L5_sky130_sram_2kbyte_1rw1r_32x512_8_pmos_m7_w2_000_sli_dli_da_p".
Reading "L5_sky130_sram_2kbyte_1rw1r_32x512_8_pinv_4".
Reading "L5_sky130_sram_2kbyte_1rw1r_32x512_8_pdriver_1".
Reading "L5_sky130_sram_2kbyte_1rw1r_32x512_8_pnand2_0".
Reading "L5_sky130_sram_2kbyte_1rw1r_32x512_8_pand2_1".
Reading "L5_sky130_sram_2kbyte_1rw1r_32x512_8_nmos_m24_w2_000_sli_dli_da_p".
Reading "L5_sky130_sram_2kbyte_1rw1r_32x512_8_pmos_m24_w2_000_sli_dli_da_p".
Reading "L5_sky130_sram_2kbyte_1rw1r_32x512_8_pinv_14".
Reading "L5_sky130_sram_2kbyte_1rw1r_32x512_8_nmos_m8_w2_000_sli_dli_da_p".
Reading "L5_sky130_sram_2kbyte_1rw1r_32x512_8_pmos_m8_w2_000_sli_dli_da_p".
Reading "L5_sky130_sram_2kbyte_1rw1r_32x512_8_pinv_13".
Reading "L5_sky130_sram_2kbyte_1rw1r_32x512_8_nmos_m3_w2_000_sli_dli_da_p".
Reading "L5_sky130_sram_2kbyte_1rw1r_32x512_8_pmos_m3_w2_000_sli_dli_da_p".
Reading "L5_sky130_sram_2kbyte_1rw1r_32x512_8_pinv_12".
Reading "L5_sky130_sram_2kbyte_1rw1r_32x512_8_pinv_11".
Reading "L5_sky130_sram_2kbyte_1rw1r_32x512_8_pinv_0".
Reading "L5_sky130_sram_2kbyte_1rw1r_32x512_8_pdriver_3".
Reading "L5_sky130_sram_2kbyte_1rw1r_32x512_8_pinv_17".
Reading "L5_sky130_sram_2kbyte_1rw1r_32x512_8_delay_chain".
Reading "L5_sky130_sram_2kbyte_1rw1r_32x512_8_nmos_m18_w2_000_sli_dli_da_p".
Reading "L5_sky130_sram_2kbyte_1rw1r_32x512_8_pmos_m18_w2_000_sli_dli_da_p".
Reading "L5_sky130_sram_2kbyte_1rw1r_32x512_8_pinv_16".
Reading "L5_sky130_sram_2kbyte_1rw1r_32x512_8_pdriver_5".
Reading "L5_sky130_sram_2kbyte_1rw1r_32x512_8_nmos_m1_w0_740_sactive_dactive".
Reading "L5_sky130_sram_2kbyte_1rw1r_32x512_8_pnand3".
Reading "L5_sky130_sram_2kbyte_1rw1r_32x512_8_pand3_0".
Reading "L5_sky130_sram_2kbyte_1rw1r_32x512_8_nmos_m22_w2_000_sli_dli_da_p".
Reading "L5_sky130_sram_2kbyte_1rw1r_32x512_8_pmos_m22_w2_000_sli_dli_da_p".
Reading "L5_sky130_sram_2kbyte_1rw1r_32x512_8_pinv_15".
Reading "L5_sky130_sram_2kbyte_1rw1r_32x512_8_pdriver_4".
Reading "L5_sky130_sram_2kbyte_1rw1r_32x512_8_pand3".
Reading "L5_sky130_sram_2kbyte_1rw1r_32x512_8_nmos_m42_w2_000_sli_dli_da_p".
Reading "L5_sky130_sram_2kbyte_1rw1r_32x512_8_pmos_m42_w2_000_sli_dli_da_p".
Reading "L5_sky130_sram_2kbyte_1rw1r_32x512_8_pinv_10".
Reading "L5_sky130_sram_2kbyte_1rw1r_32x512_8_nmos_m15_w2_000_sli_dli_da_p".
Reading "L5_sky130_sram_2kbyte_1rw1r_32x512_8_pmos_m15_w2_000_sli_dli_da_p".
Reading "L5_sky130_sram_2kbyte_1rw1r_32x512_8_pinv_9".
Reading "L5_sky130_sram_2kbyte_1rw1r_32x512_8_nmos_m5_w2_000_sli_dli_da_p".
Reading "L5_sky130_sram_2kbyte_1rw1r_32x512_8_pmos_m5_w2_000_sli_dli_da_p".
Reading "L5_sky130_sram_2kbyte_1rw1r_32x512_8_pinv_8".
Reading "L5_sky130_sram_2kbyte_1rw1r_32x512_8_nmos_m2_w1_260_sli_dli_da_p".
Reading "L5_sky130_sram_2kbyte_1rw1r_32x512_8_pmos_m2_w2_000_sli_dli_da_p".
Reading "L5_sky130_sram_2kbyte_1rw1r_32x512_8_pinv_7".
Reading "L5_sky130_sram_2kbyte_1rw1r_32x512_8_pdriver_2".
Reading "L5_sky130_sram_2kbyte_1rw1r_32x512_8_control_logic_rw".
Reading "L5_sky130_sram_2kbyte_1rw1r_32x512_8_cr_5".
Reading "L5_sky130_sram_2kbyte_1rw1r_32x512_8_dff_buf_array_0".
Reading "L5_sky130_sram_2kbyte_1rw1r_32x512_8_nmos_m41_w2_000_sli_dli_da_p".
Reading "L5_sky130_sram_2kbyte_1rw1r_32x512_8_pmos_m41_w2_000_sli_dli_da_p".
Reading "L5_sky130_sram_2kbyte_1rw1r_32x512_8_pinv_20".
Reading "L5_sky130_sram_2kbyte_1rw1r_32x512_8_nmos_m14_w2_000_sli_dli_da_p".
Reading "L5_sky130_sram_2kbyte_1rw1r_32x512_8_pmos_m14_w2_000_sli_dli_da_p".
Reading "L5_sky130_sram_2kbyte_1rw1r_32x512_8_pinv_19".
Reading "L5_sky130_sram_2kbyte_1rw1r_32x512_8_nmos_m5_w1_680_sli_dli_da_p".
Reading "L5_sky130_sram_2kbyte_1rw1r_32x512_8_pinv_18".
Reading "L5_sky130_sram_2kbyte_1rw1r_32x512_8_pdriver_6".
Reading "L5_sky130_sram_2kbyte_1rw1r_32x512_8_control_logic_r".
Reading "L5_sky130_sram_2kbyte_1rw1r_32x512_8_cr_4".
Reading "L5_sky130_sram_2kbyte_1rw1r_32x512_8_contact_20".
Reading "L5_sky130_sram_2kbyte_1rw1r_32x512_8_contact_17".
Reading "L5_sky130_sram_2kbyte_1rw1r_32x512_8_pdriver_0".
Reading "L5_sky130_sram_2kbyte_1rw1r_32x512_8_pand2_0".
Reading "L5_sky130_sram_2kbyte_1rw1r_32x512_8_hierarchical_predecode2x4_0".
Reading "L5_sky130_sram_2kbyte_1rw1r_32x512_8_contact_15".
Reading "L5_sky130_sram_2kbyte_1rw1r_32x512_8_nmos_m1_w7_000_sli_dli_da_p".
Reading "L5_sky130_sram_2kbyte_1rw1r_32x512_8_pmos_m1_w7_000_sli_dli_da_p".
Reading "L5_sky130_sram_2kbyte_1rw1r_32x512_8_pinv_dec_0".
Reading "L5_sky130_fd_bd_sram__openram_dp_nand2_dec".
Reading "L5_sky130_sram_2kbyte_1rw1r_32x512_8_and2_dec_0".
Reading "L5_sky130_sram_2kbyte_1rw1r_32x512_8_wordline_driver".
Reading "L5_sky130_sram_2kbyte_1rw1r_32x512_8_wordline_driver_array".
Reading "L5_sky130_sram_2kbyte_1rw1r_32x512_8_pinv_dec".
Reading "L5_sky130_fd_bd_sram__openram_dp_nand3_dec".
Reading "L5_sky130_sram_2kbyte_1rw1r_32x512_8_and3_dec".
Reading "L5_sky130_sram_2kbyte_1rw1r_32x512_8_hierarchical_predecode3x8".
Reading "L5_sky130_sram_2kbyte_1rw1r_32x512_8_and2_dec".
Reading "L5_sky130_sram_2kbyte_1rw1r_32x512_8_hierarchical_predecode2x4".
Reading "L5_sky130_sram_2kbyte_1rw1r_32x512_8_hierarchical_decoder".
Reading "L5_sky130_sram_2kbyte_1rw1r_32x512_8_port_address_0".
Reading "L5_sky130_sram_2kbyte_1rw1r_32x512_8_port_address".
Reading "L5_sky130_sram_2kbyte_1rw1r_32x512_8_contact_27".
Reading "L5_sky130_sram_2kbyte_1rw1r_32x512_8_contact_26".
Reading "L5_sky130_sram_2kbyte_1rw1r_32x512_8_contact_25".
Reading "L5_sky130_sram_2kbyte_1rw1r_32x512_8_contact_24".
Reading "L5_sky130_sram_2kbyte_1rw1r_32x512_8_nmos_m1_w2_880_sli_dli".
Reading "L5_sky130_sram_2kbyte_1rw1r_32x512_8_column_mux_0".
Reading "L5_sky130_sram_2kbyte_1rw1r_32x512_8_column_mux_array_0".
Reading "L5_sky130_fd_bd_sram__openram_sense_amp".
Reading "L5_sky130_sram_2kbyte_1rw1r_32x512_8_sense_amp_array".
Reading "L5_sky130_sram_2kbyte_1rw1r_32x512_8_contact_23".
Reading "L5_sky130_sram_2kbyte_1rw1r_32x512_8_contact_21".
Reading "L5_sky130_sram_2kbyte_1rw1r_32x512_8_contact_22".
Reading "L5_sky130_sram_2kbyte_1rw1r_32x512_8_pmos_m1_w0_550_sli_dli".
Reading "L5_sky130_sram_2kbyte_1rw1r_32x512_8_precharge_1".
Reading "L5_sky130_sram_2kbyte_1rw1r_32x512_8_precharge_array_0".
Reading "L5_sky130_sram_2kbyte_1rw1r_32x512_8_port_data_0".
Reading "L5_sky130_sram_2kbyte_1rw1r_32x512_8_column_mux".
Reading "L5_sky130_sram_2kbyte_1rw1r_32x512_8_column_mux_array".
Reading "L5_sky130_sram_2kbyte_1rw1r_32x512_8_pinv".
Reading "L5_sky130_sram_2kbyte_1rw1r_32x512_8_pdriver".
Reading "L5_sky130_sram_2kbyte_1rw1r_32x512_8_pnand2".
Reading "L5_sky130_sram_2kbyte_1rw1r_32x512_8_pand2".
Reading "L5_sky130_sram_2kbyte_1rw1r_32x512_8_write_mask_and_array".
Reading "L5_sky130_fd_bd_sram__openram_write_driver".
Reading "L5_sky130_sram_2kbyte_1rw1r_32x512_8_write_driver_array".
Reading "L5_sky130_sram_2kbyte_1rw1r_32x512_8_precharge_0".
Reading "L5_sky130_sram_2kbyte_1rw1r_32x512_8_precharge_array".
Reading "L5_sky130_sram_2kbyte_1rw1r_32x512_8_port_data".
Reading "L5_sky130_sram_2kbyte_1rw1r_32x512_8_contact_9".
Reading "L5_sky130_sram_2kbyte_1rw1r_32x512_8_contact_8".
Reading "L5_sky130_fd_bd_sram__openram_dp_cell_cap_row".
Reading "L5_sky130_sram_2kbyte_1rw1r_32x512_8_row_cap_array_0".
Reading "L5_sky130_sram_2kbyte_1rw1r_32x512_8_row_cap_array".
Reading "L5_sky130_fd_bd_sram__openram_dp_cell_cap_col".
Reading "L5_sky130_sram_2kbyte_1rw1r_32x512_8_col_cap_array".
Reading "L5_sky130_sram_2kbyte_1rw1r_32x512_8_col_cap_array_0".
Reading "L5_sky130_fd_bd_sram__openram_dp_cell_dummy".
Reading "L5_sky130_sram_2kbyte_1rw1r_32x512_8_dummy_array".
Reading "L5_sky130_fd_bd_sram__openram_dp_cell_replica".
Reading "L5_sky130_sram_2kbyte_1rw1r_32x512_8_replica_column_0".
Reading "L5_sky130_sram_2kbyte_1rw1r_32x512_8_replica_column".
Reading "L5_sky130_fd_bd_sram__openram_dp_cell".
Reading "L5_sky130_sram_2kbyte_1rw1r_32x512_8_bitcell_array".
    5000 uses
    10000 uses
    15000 uses
Reading "L5_sky130_sram_2kbyte_1rw1r_32x512_8_replica_bitcell_array".
Reading "L5_sky130_sram_2kbyte_1rw1r_32x512_8_bank".
Reading "L5_sky130_sram_2kbyte_1rw1r_32x512_8".
    5000 uses
Reading "L5_sky130_fd_sc_hd__o32ai_2".
Reading "L5_sky130_fd_sc_hd__a21bo_2".
Reading "L5_sky130_fd_sc_hd__o31ai_2".
Reading "L5_sky130_fd_sc_hd__o41ai_2".
Reading "L5_sky130_fd_sc_hd__o211a_4".
Reading "L5_mgmt_core".
    5000 uses
    10000 uses
    15000 uses
    20000 uses
    25000 uses
    30000 uses
    35000 uses
    40000 uses
    45000 uses
    50000 uses
    55000 uses
    60000 uses
    65000 uses
    70000 uses
    75000 uses
    80000 uses
    85000 uses
    90000 uses
    95000 uses
    100000 uses
    105000 uses
    110000 uses
    115000 uses
    120000 uses
    125000 uses
    130000 uses
    135000 uses
    140000 uses
    145000 uses
Reading "mgmt_core_wrapper".
Reading "sky130_fd_sc_hd__and2b_2".
Reading "sky130_fd_sc_hd__clkinv_16".
Reading "sky130_fd_sc_hd__and2_4".
Reading "sky130_fd_sc_hd__inv_16".
Reading "sky130_fd_sc_hvl__conb_1".
Reading "mgmt_protect_hv".
Reading "mprj_logic_high".
Reading "mprj2_logic_high".
Reading "mgmt_protect".
    5000 uses
    10000 uses
    15000 uses
Reading "gpio_defaults_block_0403".
Reading "sky130_fd_sc_hd__dfbbp_1".
Reading "spare_logic_block".
Reading "gpio_defaults_block".
Reading "sky130_fd_io__corner_bus_overlay".
Reading "sky130_ef_io__corner_pad".
Reading "sky130_ef_io__com_bus_slice_20um".
Reading "sky130_ef_io__com_bus_slice_10um".
Reading "sky130_ef_io__com_bus_slice_5um".
Reading "sky130_ef_io__com_bus_slice_1um".
Reading "sky130_ef_io__connect_vcchib_vccd_and_vswitch_vddio_slice_20um".
Reading "sky130_fd_io__com_bus_slice".
Reading "sky130_fd_io__com_bus_hookup".
Reading "sky130_fd_io__overlay_vssa_hvc".
Reading "sky130_ef_io__hvc_vdda_overlay".
Reading "sky130_fd_pr__hvdfl1sd__example_5595914180851".
Reading "sky130_fd_pr__model__nfet_highvoltage__example_55959141808664".
Reading "sky130_fd_io__sio_clamp_pcap_4x5".
Reading "sky130_fd_pr__model__nfet_highvoltage__example_55959141808680".
Reading "sky130_fd_io__esd_rcclamp_nfetcap".
Reading "sky130_fd_pr__dfl1sd__example_55959141808336".
Reading "sky130_fd_pr__dfl1sd2__example_55959141808666".
Reading "sky130_fd_pr__pfet_01v8__example_55959141808665".
Reading "sky130_fd_pr__dfl1sd__example_55959141808678".
Reading "sky130_fd_pr__dfl1sd2__example_55959141808679".
Reading "sky130_fd_pr__nfet_01v8__example_55959141808677".
Reading "sky130_fd_pr__via_pol1__example_5595914180839".
Reading "sky130_fd_pr__res_bent_po__example_55959141808667".
Reading "sky130_fd_pr__via_l1m1__example_55959141808660".
Reading "sky130_fd_pr__dfl1__example_55959141808663".
Reading "sky130_fd_pr__hvdftpl1s__example_55959141808671".
Reading "sky130_fd_pr__hvdftpl1s2__example_55959141808672".
Reading "sky130_fd_pr__nfet_01v8__example_55959141808673".
Reading "sky130_fd_pr__res_bent_po__example_55959141808668".
Reading "sky130_fd_pr__nfet_01v8__example_55959141808670".
Reading "sky130_fd_pr__dfl1__example_55959141808662".
Reading "sky130_fd_pr__via_l1m1__example_55959141808661".
Reading "sky130_fd_pr__hvdftpl1s__example_55959141808675".
Reading "sky130_fd_pr__hvdftpl1s2__example_55959141808676".
Reading "sky130_fd_pr__nfet_01v8__example_55959141808674".
Reading "sky130_fd_pr__via_l1m1__example_559591418084".
Reading "sky130_fd_pr__res_bent_po__example_55959141808669".
Reading "sky130_fd_pr__gendlring__example_559591418081".
Reading "sky130_fd_pr__genrivetdlring__example_559591418082".
Reading "sky130_fd_pr__padplhp__example_559591418080".
Reading "sky130_fd_io__pad_esd".
Reading "sky130_fd_io__com_busses_esd".
Reading "sky130_fd_io__top_ground_hvc_wpad".
Reading "sky130_ef_io__vssa_hvc_clamped_pad".
Reading "sky130_fd_pr__hvdfm1sd2__example_55959141808717".
Reading "sky130_fd_pr__pfet_01v8__example_55959141808716".
Reading "sky130_fd_pr__hvdfm1sd2__example_55959141808719".
Reading "sky130_fd_pr__pfet_01v8__example_55959141808718".
Reading "sky130_fd_pr__pfet_01v8__example_55959141808720".
Reading "sky130_fd_pr__hvdfm1sd2__example_5595914180890".
Reading "sky130_fd_pr__nfet_01v8__example_55959141808721".
Reading "sky130_fd_pr__hvdfm1sd2__example_55959141808243".
Reading "sky130_fd_pr__nfet_01v8__example_55959141808722".
Reading "sky130_fd_pr__nfet_01v8__example_55959141808723".
Reading "sky130_fd_io__xres_inv_hysv2".
Reading "sky130_fd_pr__res_generic_po__example_5595914180838".
Reading "sky130_fd_io__tk_tie_r_out_esd".
Reading "sky130_fd_pr__hvdfm1sd2__example_55959141808765".
Reading "sky130_fd_pr__nfet_01v8__example_55959141808764".
Reading "sky130_fd_pr__pfet_01v8__example_55959141808767".
Reading "sky130_fd_io__res250_sub_small".
Error while reading cell "sky130_fd_io__res250_sub_small" (byte position 223311720): NODE elements not supported: skipping.
Error while reading cell "sky130_fd_io__res250_sub_small" (byte position 223311752): NODE elements not supported: skipping.
Error while reading cell "sky130_fd_io__res250_sub_small" (byte position 223314344): NODE elements not supported: skipping.
Error while reading cell "sky130_fd_io__res250_sub_small" (byte position 223314376): NODE elements not supported: skipping.
Error while reading cell "sky130_fd_io__res250_sub_small" (byte position 223314408): NODE elements not supported: skipping.
Error while reading cell "sky130_fd_io__res250_sub_small" (byte position 223314440): NODE elements not supported: skipping.
Error while reading cell "sky130_fd_io__res250_sub_small" (byte position 223314472): NODE elements not supported: skipping.
Error while reading cell "sky130_fd_io__res250_sub_small" (byte position 223314568): NODE elements not supported: skipping.
Reading "sky130_fd_io__res250only_small".
Reading "sky130_fd_pr__via_pol1__example_5595914180833".
Reading "sky130_fd_pr__res_bent_po__example_55959141808715".
Reading "sky130_fd_pr__via_l1m1__example_5595914180858".
Reading "sky130_fd_io__tk_em1s_cdns_55959141808288".
Reading "sky130_fd_io__tk_em1o_cdns_55959141808289".
Reading "sky130_fd_pr__via_l1m1__example_55959141808264".
Reading "sky130_fd_pr__res_bent_po__example_5595914180862".
Reading "sky130_fd_pr__res_bent_po__example_5595914180863".
Reading "sky130_fd_io__tk_em1s_cdns_5595914180859".
Reading "sky130_fd_pr__res_generic_po__example_5595914180864".
Reading "sky130_fd_io__com_res_weak_v2".
Reading "sky130_fd_pr__via_m1m2__example_55959141808551".
Reading "sky130_fd_pr__via_m1m2__example_55959141808552".
Reading "sky130_fd_pr__via_m1m2__example_55959141808724".
Reading "sky130_fd_pr__via_m1m2__example_55959141808259".
Reading "sky130_fd_pr__via_m1m2__example_55959141808553".
Reading "sky130_fd_pr__via_m1m2__example_55959141808725".
Reading "sky130_fd_pr__via_m1m2__example_55959141808554".
Reading "sky130_fd_pr__via_m1m2__example_55959141808726".
Reading "sky130_fd_pr__via_m1m2__example_55959141808727".
Reading "sky130_fd_pr__via_m1m2__example_55959141808728".
Reading "sky130_fd_pr__via_m1m2__example_55959141808260".
Reading "sky130_fd_pr__via_m1m2__example_55959141808261".
Reading "sky130_fd_pr__via_l1m1__example_55959141808372".
Reading "sky130_fd_pr__via_l1m1__example_5595914180897".
Reading "sky130_fd_pr__via_pol1__example_55959141808274".
Reading "sky130_fd_pr__via_l1m1__example_55959141808127".
Reading "sky130_fd_pr__via_l1m1__example_55959141808326".
Reading "sky130_fd_pr__via_l1m1__example_55959141808128".
Reading "sky130_fd_pr__via_l1m1__example_55959141808290".
Reading "sky130_fd_pr__via_m1m2__example_55959141808350".
Reading "sky130_fd_pr__via_l1m1__example_55959141808400".
Reading "sky130_fd_pr__via_m1m2__example_55959141808402".
Reading "sky130_fd_pr__via_pol1__example_55959141808147".
Reading "sky130_fd_pr__tpl1__example_55959141808148".
Reading "sky130_fd_pr__tpl1__example_55959141808149".
Reading "sky130_fd_pr__tpl1__example_55959141808150".
Reading "sky130_fd_pr__tpl1__example_55959141808151".
Reading "sky130_fd_pr__via_l1m1__example_55959141808152".
Reading "sky130_fd_pr__via_l1m1__example_55959141808153".
Reading "sky130_fd_pr__via_l1m1__example_55959141808154".
Reading "sky130_fd_pr__via_l1m1__example_55959141808155".
Reading "sky130_fd_pr__via_l1m1__example_55959141808156".
Reading "sky130_fd_pr__via_l1m1__example_55959141808157".
Reading "sky130_fd_pr__dfl1__example_55959141808158".
Reading "sky130_fd_io__signal_5_sym_hv_local_5term".
Reading "sky130_fd_pr__dfl1sd__example_5595914180819".
Reading "sky130_fd_pr__nfet_01v8__example_55959141808555".
Reading "sky130_fd_io__gpio_buf_localesdv2".
Reading "sky130_fd_pr__hvdfm1sd__example_5595914180848".
Reading "sky130_fd_pr__hvdfm1sd2__example_5595914180849".
Reading "sky130_fd_pr__pfet_01v8__example_55959141808766".
Reading "sky130_fd_pr__hvdfl1sd__example_55959141808370".
Reading "sky130_fd_pr__hvdfl1sd2__example_55959141808385".
Reading "sky130_fd_pr__dfl1sd__example_559591418088".
Reading "sky130_fd_pr__model__nfet_highvoltage__example_55959141808615".
Reading "sky130_fd_pr__hvdfl1sd__example_55959141808137".
Reading "sky130_fd_pr__hvdfl1sd2__example_55959141808316".
Reading "sky130_fd_pr__dfl1sd__example_559591418086".
Reading "sky130_fd_pr__model__pfet_highvoltage__example_55959141808616".
Reading "sky130_fd_pr__via_pol1__example_559591418083".
Reading "sky130_fd_pr__via_pol1__example_55959141808612".
Reading "sky130_fd_io__hvsbt_inv_x4".
Reading "sky130_fd_pr__model__nfet_highvoltage__example_55959141808422".
Reading "sky130_fd_pr__model__pfet_highvoltage__example_55959141808421".
Reading "sky130_fd_io__hvsbt_inv_x2".
Reading "sky130_fd_pr__model__nfet_highvoltage__example_55959141808369".
Reading "sky130_fd_pr__model__pfet_highvoltage__example_55959141808371".
Reading "sky130_fd_io__hvsbt_inv_x1".
Reading "sky130_fd_pr__via_l1m1_centered__example_5595914180811".
Reading "sky130_fd_pr__via_l1m1_centered__example_5595914180812".
Reading "sky130_fd_pr__hvdfl1sd2__example_55959141808202".
Reading "sky130_fd_pr__pfet_01v8__example_55959141808657".
Reading "sky130_fd_pr__hvdftpm1s2__example_55959141808659".
Reading "sky130_fd_pr__pfet_01v8__example_55959141808658".
Reading "sky130_fd_pr__via_l1m1_centered__example_559591418084".
Reading "sky130_fd_pr__via_l1m1_centered__example_559591418086".
Reading "sky130_fd_io__pfet_con_diff_wo_abt_270_xres4v2".
Reading "sky130_fd_io__tk_em2o_cdns_55959141808653".
Reading "sky130_fd_io__tk_em2s_cdns_55959141808652".
Reading "sky130_fd_pr__via_pol1_centered__example_559591418081".
Reading "sky130_fd_io__gpio_pudrvr_strong_axres4v2".
Reading "sky130_fd_pr__via_m2m3__example_55959141808714".
Reading "sky130_fd_io__xres_p_em1c_cdns_55959141808753".
Reading "sky130_fd_pr__dfl1__example_55959141808187".
Reading "sky130_fd_pr__res_generic_nd__example_55959141808754".
Reading "sky130_fd_pr__res_generic_nd__example_55959141808755".
Reading "sky130_fd_io__xres_tk_p_em1o_cdns_55959141808756".
Reading "sky130_fd_io__xres_tk_p_em1o_cdns_55959141808757".
Reading "sky130_fd_io__xres_tk_p_em1o_cdns_55959141808758".
Reading "sky130_fd_io__xres_tk_p_em1c_cdns_55959141808759".
Reading "sky130_fd_io__xres_tk_p_em1c_cdns_55959141808760".
Reading "sky130_fd_io__xres_tk_p_em1c_cdns_55959141808761".
Reading "sky130_fd_pr__hvdfl1sd__example_55959141808338".
Reading "sky130_fd_pr__hvdfl1sd2__example_55959141808337".
Reading "sky130_fd_pr__pfet_01v8__example_55959141808763".
Reading "sky130_fd_pr__dfl1__example_55959141808729".
Reading "sky130_fd_pr__via_m1m2__example_55959141808730".
Reading "sky130_fd_pr__via_m1m2__example_55959141808731".
Reading "sky130_fd_pr__via_m1m2__example_55959141808732".
Reading "sky130_fd_pr__via_m1m2__example_55959141808733".
Reading "sky130_fd_pr__via_m1m2__example_55959141808734".
Reading "sky130_fd_pr__via_m1m2__example_55959141808735".
Reading "sky130_fd_pr__via_m1m2__example_55959141808736".
Reading "sky130_fd_pr__via_m1m2__example_55959141808737".
Reading "sky130_fd_pr__via_m1m2__example_55959141808738".
Reading "sky130_fd_pr__via_m1m2__example_55959141808739".
Reading "sky130_fd_pr__via_m1m2__example_55959141808740".
Reading "sky130_fd_pr__via_l1m1__example_55959141808741".
Reading "sky130_fd_pr__via_l1m1__example_55959141808742".
Reading "sky130_fd_pr__via_l1m1__example_55959141808743".
Reading "sky130_fd_pr__via_l1m1__example_55959141808744".
Reading "sky130_fd_pr__via_l1m1__example_55959141808745".
Reading "sky130_fd_pr__via_l1m1__example_55959141808746".
Reading "sky130_fd_pr__via_l1m1__example_55959141808747".
Reading "sky130_fd_pr__via_l1m1__example_55959141808748".
Reading "sky130_fd_pr__via_l1m1__example_55959141808749".
Reading "sky130_fd_pr__via_l1m1__example_55959141808750".
Reading "sky130_fd_pr__via_l1m1__example_55959141808751".
Reading "sky130_fd_pr__via_l1m1__example_55959141808752".
Reading "sky130_fd_pr__hvdfl1sd__example_55959141808700".
Reading "sky130_fd_pr__hvdfl1sd2__example_55959141808559".
Reading "sky130_fd_pr__nfet_01v8__example_55959141808762".
Reading "sky130_fd_pr__via_pol1__example_55959141808273".
Reading "sky130_fd_pr__via_l1m1__example_55959141808324".
Reading "sky130_fd_pr__via_l1m1__example_55959141808270".
Reading "sky130_fd_io__xres2v2_rcfilter_lpfv2".
Reading "sky130_fd_io__tk_em1o_cdns_5595914180860".
Reading "sky130_fd_pr__res_bent_po__example_5595914180861".
Reading "sky130_fd_io__com_res_weak_bentbigres".
Reading "sky130_fd_io__com_res_weak".
Reading "sky130_fd_pr__via_l1m1__example_5595914180857".
Reading "sky130_fd_pr__hvdfl1sd2__example_55959141808378".
Reading "sky130_fd_pr__hvdftpl1s__example_55959141808646".
Reading "sky130_fd_pr__nfet_01v8__example_55959141808645".
Reading "sky130_fd_pr__hvdftpm1s2__example_55959141808649".
Reading "sky130_fd_pr__nfet_01v8__example_55959141808650".
Reading "sky130_fd_pr__nfet_01v8__example_55959141808647".
Reading "sky130_fd_pr__nfet_01v8__example_55959141808651".
Reading "sky130_fd_pr__nfet_01v8__example_55959141808648".
Reading "sky130_fd_io__nfet_con_diff_wo_abt_270_xres4v2".
Reading "sky130_fd_io__gpio_pddrvr_strong_xres4v2".
Reading "sky130_fd_io__top_gpio_pad".
Reading "sky130_fd_io__com_busses".
Reading "sky130_fd_pr__res_bent_po__example_55959141808768".
Reading "sky130_fd_pr__res_bent_nd__example_55959141808769".
Reading "sky130_fd_pr__hvdfm1sd2__example_5595914180827".
Reading "sky130_fd_pr__nfet_01v8__example_55959141808770".
Reading "sky130_fd_pr__hvdfm1sd__example_55959141808237".
Reading "sky130_fd_pr__hvdfm1sd2__example_5595914180829".
Reading "sky130_fd_pr__nfet_01v8__example_55959141808772".
Reading "sky130_fd_pr__nfet_01v8__example_55959141808773".
Reading "sky130_fd_pr__nfet_01v8__example_55959141808775".
Reading "sky130_fd_pr__nfet_01v8__example_55959141808776".
Reading "sky130_fd_pr__hvdfm1sd__example_5595914180835".
Reading "sky130_fd_pr__nfet_01v8__example_55959141808777".
Reading "sky130_fd_pr__nfet_01v8__example_55959141808779".
Reading "sky130_fd_pr__hvdfm1sd__example_55959141808782".
Reading "sky130_fd_pr__pfet_01v8__example_55959141808781".
Reading "sky130_fd_pr__pfet_01v8__example_55959141808785".
Reading "sky130_fd_pr__hvdfm1sd__example_55959141808233".
Reading "sky130_fd_pr__nfet_01v8__example_55959141808771".
Reading "sky130_fd_pr__nfet_01v8__example_55959141808778".
Reading "sky130_fd_pr__hvdfm1sd2__example_55959141808449".
Reading "sky130_fd_pr__pfet_01v8__example_55959141808784".
Reading "sky130_fd_pr__hvdfm1sd__example_55959141808452".
Reading "sky130_fd_pr__pfet_01v8__example_55959141808783".
Reading "sky130_fd_io__inv_1".
Reading "sky130_fd_io__tap_1".
Reading "sky130_fd_pr__pfet_01v8__example_559591418085".
Reading "sky130_fd_pr__nfet_01v8__example_559591418087".
Reading "sky130_fd_pr__nfet_01v8__example_559591418089".
Reading "sky130_fd_io__hvsbt_nand2".
Reading "sky130_fd_pr__hvdfm1sd__example_55959141808242".
Reading "sky130_fd_pr__nfet_01v8__example_55959141808774".
Reading "sky130_fd_pr__pfet_01v8__example_55959141808780".
Reading "sky130_fd_pr__pfet_01v8__example_55959141808786".
Reading "sky130_fd_pr__pfet_01v8__example_55959141808787".
Reading "sky130_fd_io__xres4v2_in_buf".
Reading "sky130_fd_io__top_xres4v2".
Reading "sky130_fd_io__com_bus_slice_m4".
Reading "sky130_fd_io__overlay_gpiov2_m4".
Reading "sky130_fd_pr__nfet_01v8__example_55959141808558".
Reading "sky130_fd_pr__hvdfm1sd2__example_55959141808251".
Reading "sky130_fd_pr__dfm1sd2__example_55959141808561".
Reading "sky130_fd_pr__nfet_01v8__example_55959141808560".
Reading "sky130_fd_pr__hvdfm1sd2__example_55959141808563".
Reading "sky130_fd_pr__pfet_01v8__example_55959141808562".
Reading "sky130_fd_pr__pfet_01v8__example_55959141808564".
Reading "sky130_fd_io__amux_switch_1v2b".
Reading "sky130_fd_pr__dfl1sd__example_5595914180868".
Reading "sky130_fd_pr__dfl1sd2__example_5595914180869".
Reading "sky130_fd_pr__nfet_01v8__example_55959141808565".
Reading "sky130_fd_pr__dfl1sd2__example_5595914180875".
Reading "sky130_fd_pr__pfet_01v8__example_55959141808566".
Reading "sky130_fd_io__gpiov2_amx_pucsd_inv".
Reading "sky130_fd_pr__pfet_01v8__example_55959141808567".
Reading "sky130_fd_pr__hvdfl1sd__example_55959141808122".
Reading "sky130_fd_pr__dfl1sd__example_55959141808123".
Reading "sky130_fd_pr__pfet_01v8__example_55959141808477".
Reading "sky130_fd_pr__nfet_01v8__example_55959141808568".
Reading "sky130_fd_pr__dfl1sd2__example_5595914180884".
Reading "sky130_fd_pr__nfet_01v8__example_55959141808569".
Reading "sky130_fd_pr__hvdfl1sd__example_55959141808100".
Reading "sky130_fd_pr__dfl1sd__example_5595914180815".
Reading "sky130_fd_pr__nfet_01v8__example_55959141808570".
Reading "sky130_fd_io__gpiov2_amux_drvr_lshv2hv2".
Reading "sky130_fd_pr__nfet_01v8__example_55959141808571".
Reading "sky130_fd_pr__pfet_01v8__example_55959141808441".
Reading "sky130_fd_io__gpiov2_amx_inv4".
Reading "sky130_fd_io__gpiov2_amux_drvr_lshv2hv".
Reading "sky130_fd_pr__dfl1sd__example_5595914180823".
Reading "sky130_fd_pr__pfet_01v8__example_55959141808572".
Reading "sky130_fd_pr__pfet_01v8__example_55959141808573".
Reading "sky130_fd_pr__dfl1sd__example_55959141808106".
Reading "sky130_fd_pr__pfet_01v8__example_55959141808574".
Reading "sky130_fd_pr__dfl1sd__example_55959141808510".
Reading "sky130_fd_pr__nfet_01v8__example_55959141808575".
Reading "sky130_fd_io__amx_inv1".
Reading "sky130_fd_pr__nfet_01v8__example_55959141808576".
Reading "sky130_fd_pr__dfl1sd__example_55959141808504".
Reading "sky130_fd_pr__nfet_01v8__example_55959141808577".
Reading "sky130_fd_pr__nfet_01v8__example_55959141808578".
Reading "sky130_fd_pr__nfet_01v8__example_55959141808579".
Reading "sky130_fd_pr__hvdfm1sd__example_55959141808581".
Reading "sky130_fd_pr__hvdfl1sd__example_55959141808418".
Reading "sky130_fd_pr__pfet_01v8__example_55959141808580".
Reading "sky130_fd_pr__hvdfl1sd2__example_55959141808140".
Reading "sky130_fd_pr__nfet_01v8__example_55959141808496".
Reading "sky130_fd_pr__nfet_01v8__example_55959141808497".
Reading "sky130_fd_pr__hvdfl1sd__example_55959141808278".
Reading "sky130_fd_pr__hvdfl1sd2__example_55959141808462".
Reading "sky130_fd_pr__nfet_01v8__example_55959141808582".
Reading "sky130_fd_pr__nfet_01v8__example_55959141808583".
Reading "sky130_fd_pr__nfet_01v8__example_55959141808498".
Reading "sky130_fd_io__gpiov2_amux_drvr_ls".
Reading "sky130_fd_io__gpiov2_amux_drvr".
Reading "sky130_fd_io__xor2_1".
Reading "sky130_fd_io__nand2_1".
Reading "sky130_fd_io__nor2_1".
Reading "sky130_fd_pr__model__nfet_highvoltage__example_55959141808419".
Reading "sky130_fd_pr__model__pfet_highvoltage__example_55959141808420".
Reading "sky130_fd_io__hvsbt_nor".
Reading "sky130_fd_pr__hvdfl1sd__example_5595914180894".
Reading "sky130_fd_pr__nfet_01v8__example_55959141808584".
Reading "sky130_fd_pr__nfet_01v8__example_55959141808455".
Reading "sky130_fd_pr__nfet_01v8__example_55959141808445".
Reading "sky130_fd_pr__nfet_01v8__example_55959141808447".
Reading "sky130_fd_pr__nfet_01v8__example_55959141808248".
Reading "sky130_fd_pr__hvdfm1sd__example_55959141808200".
Reading "sky130_fd_pr__pfet_01v8__example_55959141808457".
Reading "sky130_fd_pr__pfet_01v8__example_55959141808450".
Reading "sky130_fd_pr__pfet_01v8__example_55959141808451".
Reading "sky130_fd_io__gpiov2_amux_nand5".
Reading "sky130_fd_pr__dfm1sd__example_55959141808258".
Reading "sky130_fd_pr__nfet_01v8__example_55959141808585".
Reading "sky130_fd_pr__nfet_01v8__example_55959141808446".
Reading "sky130_fd_io__gpiov2_amux_nand4".
Reading "sky130_fd_io__gpiov2_amux_decoder".
Reading "sky130_fd_pr__model__nfet_highvoltage__example_55959141808586".
Reading "sky130_fd_pr__model__nfet_highvoltage__example_55959141808587".
Reading "sky130_fd_pr__hvdfl1sd__example_55959141808476".
Reading "sky130_fd_pr__model__pfet_highvoltage__example_55959141808588".
Reading "sky130_fd_pr__pfet_01v8__example_55959141808475".
Reading "sky130_fd_pr__hvdfl1sd__example_55959141808115".
Reading "sky130_fd_pr__nfet_01v8__example_55959141808589".
Reading "sky130_fd_io__gpiov2_amux_ctl_lshv2hv2".
Reading "sky130_fd_io__gpiov2_amux_ctl_lshv2hv".
Reading "sky130_fd_pr__pfet_01v8__example_55959141808460".
Reading "sky130_fd_pr__pfet_01v8__example_55959141808590".
Reading "sky130_fd_pr__dfl1sd2__example_5595914180816".
Reading "sky130_fd_pr__nfet_01v8__example_55959141808463".
Reading "sky130_fd_pr__nfet_01v8__example_55959141808464".
Reading "sky130_fd_pr__nfet_01v8__example_55959141808465".
Reading "sky130_fd_pr__nfet_01v8__example_55959141808466".
Reading "sky130_fd_pr__nfet_01v8__example_55959141808467".
Reading "sky130_fd_pr__nfet_01v8__example_55959141808468".
Reading "sky130_fd_io__gpiov2_amux_ctl_ls".
Reading "sky130_fd_io__gpiov2_amux_ctl_inv_1".
Reading "sky130_fd_io__gpiov2_amux_ls".
Reading "sky130_fd_io__gpiov2_amux_ctl_logic".
Reading "sky130_fd_pr__hvdfl1sd2__example_55959141808178".
Reading "sky130_fd_pr__pfet_01v8__example_55959141808591".
Reading "sky130_fd_pr__hvdfl1sd2__example_55959141808488".
Reading "sky130_fd_pr__nfet_01v8__example_55959141808592".
Reading "sky130_fd_pr__hvdfl1sd2__example_55959141808306".
Reading "sky130_fd_pr__nfet_01v8__example_55959141808593".
Reading "sky130_fd_pr__nfet_01v8__example_55959141808594".
Reading "sky130_fd_io__res75only_small".
Reading "sky130_fd_io__gpiov2_amux".
Reading "sky130_fd_pr__nfet_01v8__example_55959141808608".
Reading "sky130_fd_pr__dfl1sd__example_55959141808517".
Reading "sky130_fd_pr__nfet_01v8__example_55959141808533".
Reading "sky130_fd_pr__nfet_01v8__example_55959141808230".
Reading "sky130_fd_pr__nfet_01v8__example_55959141808529".
Reading "sky130_fd_pr__dfl1sd2__example_55959141808518".
Reading "sky130_fd_pr__nfet_01v8__example_55959141808609".
Reading "sky130_fd_pr__nfet_01v8__example_55959141808604".
Reading "sky130_fd_pr__nfet_01v8__example_55959141808610".
Reading "sky130_fd_pr__dfl1sd__example_5595914180811".
Reading "sky130_fd_pr__pfet_01v8__example_55959141808549".
Reading "sky130_fd_pr__dfl1sd__example_55959141808190".
Reading "sky130_fd_pr__pfet_01v8__example_55959141808548".
Reading "sky130_fd_pr__pfet_01v8__example_55959141808611".
Reading "sky130_fd_pr__dfl1sd2__example_55959141808191".
Reading "sky130_fd_pr__pfet_01v8__example_55959141808189".
Reading "sky130_fd_io__gpiov2_in_buf".
Reading "sky130_fd_pr__pfet_01v8__example_55959141808481".
Reading "sky130_fd_pr__pfet_01v8__example_55959141808537".
Reading "sky130_fd_pr__nfet_01v8__example_55959141808600".
Reading "sky130_fd_pr__nfet_01v8__example_55959141808528".
Reading "sky130_fd_pr__nfet_01v8__example_55959141808550".
Reading "sky130_fd_pr__nfet_01v8__example_55959141808607".
Reading "sky130_fd_io__gpiov2_ipath_hvls".
Reading "sky130_fd_pr__nfet_01v8__example_55959141808601".
Reading "sky130_fd_pr__nfet_01v8__example_5595914180825".
Reading "sky130_fd_pr__nfet_01v8__example_55959141808602".
Reading "sky130_fd_pr__nfet_01v8__example_55959141808603".
Reading "sky130_fd_pr__nfet_01v8__example_55959141808527".
Reading "sky130_fd_pr__nfet_01v8__example_55959141808535".
Reading "sky130_fd_pr__pfet_01v8__example_55959141808540".
Reading "sky130_fd_pr__pfet_01v8__example_55959141808598".
Reading "sky130_fd_pr__pfet_01v8__example_55959141808605".
Reading "sky130_fd_pr__pfet_01v8__example_55959141808596".
Reading "sky130_fd_pr__pfet_01v8__example_55959141808606".
Reading "sky130_fd_io__gpiov2_vcchib_in_buf".
Reading "sky130_fd_pr__dfl1sd2__example_5595914180812".
Reading "sky130_fd_pr__pfet_01v8__example_55959141808597".
Reading "sky130_fd_pr__pfet_01v8__example_55959141808599".
Reading "sky130_fd_pr__nfet_01v8__example_55959141808546".
Reading "sky130_fd_pr__nfet_01v8__example_55959141808547".
Reading "sky130_fd_io__gpiov2_ipath_lvls".
Reading "sky130_fd_pr__pfet_01v8__example_55959141808595".
Reading "sky130_fd_io__gpiov2_inbuf_lvinv_x1".
Reading "sky130_fd_io__gpiov2_ibuf_se".
Reading "sky130_fd_io__gpiov2_buf_localesd".
Reading "sky130_fd_io__hvsbt_nand2v2".
Reading "sky130_fd_io__gpiov2_ictl_logic".
Reading "sky130_fd_io__gpiov2_ipath".
Reading "sky130_fd_pr__model__nfet_highvoltage__example_55959141808613".
Reading "sky130_fd_pr__model__pfet_highvoltage__example_55959141808614".
Reading "sky130_fd_io__hvsbt_inv_x8v2".
Reading "sky130_fd_pr__nfet_01v8__example_55959141808423".
Reading "sky130_fd_pr__hvdfl1sd__example_55959141808280".
Reading "sky130_fd_pr__hvdfl1sd2__example_55959141808425".
Reading "sky130_fd_pr__nfet_01v8__example_55959141808424".
Reading "sky130_fd_pr__nfet_01v8__example_55959141808426".
Reading "sky130_fd_pr__nfet_01v8__example_55959141808379".
Reading "sky130_fd_pr__nfet_01v8__example_55959141808380".
Reading "sky130_fd_pr__nfet_01v8__example_55959141808382".
Reading "sky130_fd_pr__nfet_01v8__example_55959141808383".
Reading "sky130_fd_pr__nfet_01v8__example_55959141808427".
Reading "sky130_fd_pr__nfet_01v8__example_55959141808428".
Reading "sky130_fd_pr__nfet_01v8__example_55959141808429".
Reading "sky130_fd_pr__pfet_01v8__example_55959141808430".
Reading "sky130_fd_pr__hvdfl1sd__example_55959141808102".
Reading "sky130_fd_pr__pfet_01v8__example_55959141808431".
Reading "sky130_fd_pr__pfet_01v8__example_55959141808432".
Reading "sky130_fd_pr__hvdfl1sd__example_55959141808434".
Reading "sky130_fd_pr__pfet_01v8__example_55959141808433".
Reading "sky130_fd_pr__pfet_01v8__example_55959141808435".
Reading "sky130_fd_pr__via_l1m1__example_55959141808440".
Reading "sky130_fd_pr__via_l1m1__example_5595914180878".
Reading "sky130_fd_pr__via_pol1__example_55959141808394".
Reading "sky130_fd_pr__via_pol1__example_55959141808298".
Reading "sky130_fd_io__com_ctl_ls".
Reading "sky130_fd_io__hvsbt_inv_x8".
Reading "sky130_fd_io__com_ctl_hldv2".
Reading "sky130_fd_pr__pfet_01v8__example_55959141808617".
Reading "sky130_fd_io__com_ctl_ls_en_1_v2".
Reading "sky130_fd_io__com_ctl_ls_v2".
Reading "sky130_fd_io__tk_em2o_cdns_55959141808439".
Reading "sky130_fd_io__tk_em2s_cdns_55959141808438".
Reading "sky130_fd_io__com_ctl_ls_1v2".
Reading "sky130_fd_pr__pfet_01v8__example_5595914180813".
Reading "sky130_fd_pr__pfet_01v8__example_5595914180822".
Reading "sky130_fd_pr__nfet_01v8__example_55959141808618".
Reading "sky130_fd_pr__nfet_01v8__example_55959141808619".
Reading "sky130_fd_pr__nfet_01v8__example_55959141808620".
Reading "sky130_fd_pr__nfet_01v8__example_55959141808621".
Reading "sky130_fd_pr__nfet_01v8__example_55959141808622".
Reading "sky130_fd_pr__nfet_01v8__example_55959141808623".
Reading "sky130_fd_pr__nfet_01v8__example_55959141808116".
Reading "sky130_fd_pr__nfet_01v8__example_55959141808624".
Reading "sky130_fd_io__com_ctl_lsv2".
Reading "sky130_fd_io__tk_em1o_cdns_5595914180880".
Reading "sky130_fd_io__tk_em1o_cdns_5595914180879".
Reading "sky130_fd_io__tk_em1s_cdns_5595914180882".
Reading "sky130_fd_io__tk_em1s_cdns_5595914180881".
Reading "sky130_fd_io__gpiov2_ctl_lsbank".
Reading "sky130_fd_io__gpiov2_ctl".
Reading "sky130_fd_pr__nfet_01v8__example_55959141808375".
Reading "sky130_fd_pr__nfet_01v8__example_55959141808376".
Reading "sky130_fd_pr__nfet_01v8__example_55959141808377".
Reading "sky130_fd_pr__nfet_01v8__example_55959141808381".
Reading "sky130_fd_pr__nfet_01v8__example_55959141808384".
Reading "sky130_fd_pr__nfet_01v8__example_55959141808386".
Reading "sky130_fd_pr__nfet_01v8__example_55959141808387".
Reading "sky130_fd_pr__nfet_01v8__example_55959141808388".
Reading "sky130_fd_pr__pfet_01v8__example_55959141808389".
Reading "sky130_fd_pr__pfet_01v8__example_55959141808390".
Reading "sky130_fd_pr__pfet_01v8__example_55959141808391".
Reading "sky130_fd_pr__pfet_01v8__example_55959141808392".
Reading "sky130_fd_pr__pfet_01v8__example_55959141808393".
Reading "sky130_fd_pr__via_pol1__example_55959141808373".
Reading "sky130_fd_pr__via_pol1__example_55959141808272".
Reading "sky130_fd_pr__via_m1m2__example_55959141808271".
Reading "sky130_fd_pr__tpl1__example_55959141808374".
Reading "sky130_fd_io__gpio_dat_ls_1v2".
Reading "sky130_fd_io__gpio_dat_lsv2".
Reading "sky130_fd_pr__nfet_01v8__example_55959141808360".
Reading "sky130_fd_pr__nfet_01v8__example_55959141808403".
Reading "sky130_fd_pr__nfet_01v8__example_55959141808362".
Reading "sky130_fd_pr__nfet_01v8__example_55959141808404".
Reading "sky130_fd_pr__nfet_01v8__example_55959141808405".
Reading "sky130_fd_pr__nfet_01v8__example_55959141808406".
Reading "sky130_fd_pr__hvdfl1sd__example_55959141808194".
Reading "sky130_fd_pr__pfet_01v8__example_55959141808346".
Reading "sky130_fd_pr__pfet_01v8__example_55959141808407".
Reading "sky130_fd_pr__pfet_01v8__example_55959141808408".
Reading "sky130_fd_pr__pfet_01v8__example_55959141808409".
Reading "sky130_fd_pr__pfet_01v8__example_55959141808410".
Reading "sky130_fd_pr__via_pol1__example_55959141808294".
Reading "sky130_fd_pr__via_pol1__example_55959141808322".
Reading "sky130_fd_pr__via_pol1__example_55959141808395".
Reading "sky130_fd_pr__via_pol1__example_55959141808396".
Reading "sky130_fd_pr__via_pol1__example_55959141808397".
Reading "sky130_fd_pr__via_pol1__example_55959141808295".
Reading "sky130_fd_pr__via_pol1__example_55959141808398".
Reading "sky130_fd_pr__via_l1m1__example_55959141808399".
Reading "sky130_fd_pr__via_l1m1__example_55959141808325".
Reading "sky130_fd_pr__via_l1m1__example_55959141808292".
Reading "sky130_fd_pr__via_l1m1__example_55959141808269".
Reading "sky130_fd_pr__via_l1m1__example_55959141808401".
Reading "sky130_fd_io__com_cclat".
Reading "sky130_fd_pr__via_l1m1__example_55959141808368".
Reading "sky130_fd_pr__tpl1__example_55959141808625".
Reading "sky130_fd_io__com_opath_datoev2".
Reading "sky130_fd_pr__pfet_01v8__example_55959141808416".
Reading "sky130_fd_pr__nfet_01v8__example_55959141808417".
Reading "sky130_fd_io__hvsbt_xor".
Reading "sky130_fd_io__hvsbt_xorv2".
Reading "sky130_fd_io__com_ctl_ls_octl".
Reading "sky130_fd_io__gpiov2_octl".
Reading "sky130_fd_pr__pfet_01v8__example_55959141808354".
Reading "sky130_fd_pr__pfet_01v8__example_55959141808626".
Reading "sky130_fd_pr__pfet_01v8__example_55959141808627".
Reading "sky130_fd_pr__pfet_01v8__example_55959141808628".
Reading "sky130_fd_pr__pfet_01v8__example_55959141808629".
Reading "sky130_fd_pr__pfet_01v8__example_55959141808630".
Reading "sky130_fd_pr__nfet_01v8__example_55959141808631".
Reading "sky130_fd_io__gpiov2_pdpredrvr_strong_nr2".
Reading "sky130_fd_pr__dfl1sd2__example_55959141808633".
Reading "sky130_fd_pr__pfet_01v8__example_55959141808632".
Reading "sky130_fd_pr__pfet_01v8__example_55959141808634".
Reading "sky130_fd_pr__pfet_01v8__example_55959141808635".
Reading "sky130_fd_pr__pfet_01v8__example_55959141808636".
Reading "sky130_fd_pr__nfet_01v8__example_55959141808637".
Reading "sky130_fd_pr__nfet_01v8__example_55959141808638".
Reading "sky130_fd_io__gpiov2_pdpredrvr_strong_nr3".
Reading "sky130_fd_io__tk_em1o_cdns_55959141808327".
Reading "sky130_fd_io__tk_em1o_cdns_55959141808328".
Reading "sky130_fd_pr__nfet_01v8__example_55959141808329".
Reading "sky130_fd_pr__nfet_01v8__example_55959141808330".
Reading "sky130_fd_pr__nfet_01v8__example_55959141808304".
Reading "sky130_fd_pr__nfet_01v8__example_55959141808331".
Reading "sky130_fd_pr__nfet_01v8__example_55959141808134".
Reading "sky130_fd_pr__nfet_01v8__example_55959141808332".
Reading "sky130_fd_pr__nfet_01v8__example_55959141808333".
Reading "sky130_fd_pr__nfet_01v8__example_55959141808334".
Reading "sky130_fd_pr__pfet_01v8__example_55959141808343".
Reading "sky130_fd_pr__pfet_01v8__example_55959141808344".
Reading "sky130_fd_pr__pfet_01v8__example_55959141808345".
Reading "sky130_fd_pr__pfet_01v8__example_55959141808347".
Reading "sky130_fd_pr__pfet_01v8__example_55959141808348".
Reading "sky130_fd_pr__pfet_01v8__example_55959141808639".
Reading "sky130_fd_pr__pfet_01v8__example_55959141808640".
Reading "sky130_fd_pr__pfet_01v8__example_55959141808641".
Reading "sky130_fd_pr__via_pol1__example_55959141808320".
Reading "sky130_fd_pr__via_pol1__example_55959141808321".
Reading "sky130_fd_pr__via_l1m1__example_55959141808323".
Reading "sky130_fd_pr__via_l1m1__example_55959141808291".
Reading "sky130_fd_io__com_pdpredrvr_pbiasv2".
Reading "sky130_fd_pr__nfet_01v8__example_5595914180888".
Reading "sky130_fd_io__gpiov2_octl_mux".
Reading "sky130_fd_pr__model__pfet_highvoltage__example_55959141808642".
Reading "sky130_fd_pr__model__pfet_highvoltage__example_55959141808141".
Reading "sky130_fd_pr__model__pfet_highvoltage__example_55959141808184".
Reading "sky130_fd_pr__model__nfet_highvoltage__example_55959141808643".
Reading "sky130_fd_pr__model__nfet_highvoltage__example_55959141808183".
Reading "sky130_fd_pr__model__nfet_highvoltage__example_55959141808139".
Reading "sky130_fd_io__gpiov2_pdpredrvr_strong".
Reading "sky130_fd_pr__hvdfl1sd2__example_55959141808143".
Reading "sky130_fd_pr__pfet_01v8__example_55959141808364".
Reading "sky130_fd_io__com_pdpredrvr_strong_slowv2".
Reading "sky130_fd_pr__pfet_01v8__example_55959141808363".
Reading "sky130_fd_pr__pfet_01v8__example_55959141808314".
Reading "sky130_fd_pr__via_pol1__example_5595914180854".
Reading "sky130_fd_io__com_pupredrvr_strong_slowv2".
Reading "sky130_fd_pr__nfet_01v8__example_55959141808644".
Reading "sky130_fd_pr__nfet_01v8__example_55959141808281".
Reading "sky130_fd_pr__nfet_01v8__example_55959141808282".
Reading "sky130_fd_pr__nfet_01v8__example_55959141808287".
Reading "sky130_fd_pr__pfet_01v8__example_55959141808283".
Reading "sky130_fd_pr__pfet_01v8__example_55959141808284".
Reading "sky130_fd_pr__res_generic_po__example_55959141808285".
Reading "sky130_fd_pr__res_generic_po__example_55959141808286".
Reading "sky130_fd_pr__via_pol1__example_55959141808275".
Reading "sky130_fd_pr__via_m1m2__example_55959141808276".
Reading "sky130_fd_io__gpiov2_pupredrvr_strong_nd2_a".
Reading "sky130_fd_io__gpiov2_pupredrvr_strong_nd2".
Reading "sky130_fd_io__tk_em1s_cdns_55959141808301".
Reading "sky130_fd_io__tk_em1o_cdns_55959141808302".
Reading "sky130_fd_pr__nfet_01v8__example_55959141808303".
Reading "sky130_fd_pr__nfet_01v8__example_55959141808305".
Reading "sky130_fd_pr__nfet_01v8__example_55959141808307".
Reading "sky130_fd_pr__nfet_01v8__example_55959141808308".
Reading "sky130_fd_pr__nfet_01v8__example_55959141808309".
Reading "sky130_fd_pr__nfet_01v8__example_55959141808310".
Reading "sky130_fd_pr__nfet_01v8__example_55959141808311".
Reading "sky130_fd_pr__pfet_01v8__example_55959141808312".
Reading "sky130_fd_pr__pfet_01v8__example_55959141808313".
Reading "sky130_fd_pr__pfet_01v8__example_55959141808315".
Reading "sky130_fd_pr__pfet_01v8__example_55959141808317".
Reading "sky130_fd_pr__pfet_01v8__example_55959141808318".
Reading "sky130_fd_pr__pfet_01v8__example_55959141808319".
Reading "sky130_fd_pr__via_l1m1__example_55959141808293".
Reading "sky130_fd_pr__via_pol1__example_55959141808296".
Reading "sky130_fd_pr__via_pol1__example_55959141808297".
Reading "sky130_fd_pr__tpl1__example_55959141808299".
Reading "sky130_fd_pr__tpl1__example_55959141808300".
Reading "sky130_fd_io__feascom_pupredrvr_nbiasv2".
Reading "sky130_fd_pr__model__nfet_highvoltage__example_55959141808144".
Reading "sky130_fd_pr__model__nfet_highvoltage__example_5595914180899".
Reading "sky130_fd_pr__model__pfet_highvoltage__example_55959141808142".
Reading "sky130_fd_pr__model__pfet_highvoltage__example_55959141808101".
Reading "sky130_fd_io__gpio_pupredrvr_strongv2".
Reading "sky130_fd_pr__pfet_01v8__example_55959141808365".
Reading "sky130_fd_pr__pfet_01v8__example_55959141808366".
Reading "sky130_fd_io__com_pdpredrvr_weakv2".
Reading "sky130_fd_pr__pfet_01v8__example_55959141808361".
Reading "sky130_fd_io__feas_com_pupredrvr_weak".
Reading "sky130_fd_pr__via_l1m1__example_55959141808266".
Reading "sky130_fd_pr__via_l1m1__example_55959141808267".
Reading "sky130_fd_io__gpiov2_obpredrvr".
Reading "sky130_fd_io__gpiov2_octl_dat".
Reading "sky130_fd_pr__via_l1m1_centered__example_559591418082".
Reading "sky130_fd_pr__via_l1m1_centered__example_559591418083".
Reading "sky130_fd_io__nfet_con_diff_wo_abt_270v2".
Reading "sky130_fd_io__gpiov2_pddrvr_strong".
Reading "sky130_fd_pr__hvdfm1sd__example_55959141808655".
Reading "sky130_fd_pr__pfet_01v8__example_55959141808654".
Reading "sky130_fd_io__com_pudrvr_strong_slowv2".
Reading "sky130_fd_pr__pfet_01v8__example_55959141808656".
Reading "sky130_fd_io__com_pudrvr_weakv2".
Reading "sky130_fd_pr__nfet_01v8__example_5595914180850".
Reading "sky130_fd_io__gpio_pddrvr_weakv2".
Reading "sky130_fd_pr__via_l1m1_centered__example_559591418085".
Reading "sky130_fd_io__pfet_con_diff_wo_abt_270v2".
Reading "sky130_fd_io__gpio_pudrvr_strongv2".
Reading "sky130_fd_io__gpio_pddrvr_strong_slowv2".
Reading "sky130_fd_io__tk_em1s_cdns_5595914180852".
Reading "sky130_fd_pr__res_generic_po__example_5595914180853".
Reading "sky130_fd_pr__res_generic_po__example_5595914180855".
Reading "sky130_fd_pr__res_generic_po__example_5595914180856".
Reading "sky130_fd_pr__via_l1m1__example_5595914180832".
Reading "sky130_fd_pr__via_pol1_centered__example_559591418080".
Reading "sky130_fd_io__gpio_odrvr_subv2".
Reading "sky130_fd_io__gpio_odrvrv2".
Reading "sky130_fd_io__gpio_opathv2".
Reading "sky130_fd_io__top_gpiov2".
Reading "sky130_fd_io__overlay_gpiov2".
Reading "sky130_ef_io__gpiov2_pad".
Reading "sky130_ef_io__gpiov2_pad_wrapped".
Reading "sky130_fd_io__overlay_vssd_lvc".
Reading "sky130_ef_io__lvc_vccdx_overlay".
Reading "sky130_fd_pr__via_l1m1__example_55959141808683".
Reading "sky130_fd_io__gnd2gnd_strap".
Reading "sky130_fd_io__gnd2gnd_tap".
Reading "sky130_fd_io__gnd2gnd_diff".
Reading "sky130_fd_pr__via_l1m1__example_55959141808684".
Reading "sky130_fd_pr__tpl1__example_55959141808685".
Reading "sky130_fd_pr__tpl1__example_55959141808686".
Reading "sky130_fd_io__gnd2gnd_sub_dnwl".
Reading "sky130_fd_io__gnd2gnd_120x2_lv_isosub".
Reading "sky130_fd_pr__pfet_01v8__example_55959141808687".
Reading "sky130_fd_pr__res_bent_po__example_55959141808691".
Reading "sky130_fd_pr__res_bent_po__example_55959141808690".
Reading "sky130_fd_pr__dftpl1s2__example_55959141808702".
Reading "sky130_fd_pr__nfet_01v8__example_55959141808705".
Reading "sky130_fd_pr__dfl1__example_55959141808682".
Reading "sky130_fd_pr__dftpl1s2__example_55959141808694".
Reading "sky130_fd_pr__nfet_01v8__example_55959141808693".
Reading "sky130_fd_pr__dfl1__example_55959141808681".
Reading "sky130_fd_pr__res_bent_po__example_55959141808688".
Reading "sky130_fd_pr__nfet_01v8__example_55959141808696".
Reading "sky130_fd_pr__nfet_01v8__example_55959141808699".
Reading "sky130_fd_pr__nfet_01v8__example_55959141808697".
Reading "sky130_fd_pr__nfet_01v8__example_55959141808698".
Reading "sky130_fd_pr__nfet_01v8__example_55959141808695".
Reading "sky130_fd_pr__nfet_01v8__example_55959141808704".
Reading "sky130_fd_pr__nfet_01v8__example_55959141808703".
Reading "sky130_fd_pr__nfet_01v8__example_55959141808701".
Reading "sky130_fd_pr__res_bent_po__example_55959141808692".
Reading "sky130_fd_pr__res_bent_po__example_55959141808689".
Reading "sky130_fd_io__top_ground_lvc_wpad".
Reading "sky130_ef_io__vssd_lvc_clamped_pad".
Reading "sky130_fd_io__overlay_vssio_hvc".
Reading "sky130_ef_io__hvc_vssio_overlay".
Reading "sky130_ef_io__vssio_hvc_clamped_pad".
Reading "sky130_fd_io__overlay_vdda_hvc".
Reading "sky130_fd_io__hvc_clampv2".
Reading "sky130_fd_io__top_power_hvc_wpadv2".
Reading "sky130_ef_io__vdda_hvc_clamped_pad".
Reading "sky130_fd_io__overlay_vccd_lvc".
Reading "sky130_fd_io__top_power_lvc_wpad".
Reading "sky130_ef_io__vccd_lvc_clamped_pad".
Reading "sky130_ef_io__disconnect_vdda_slice_5um".
Reading "sky130_fd_io__overlay_vddio_hvc".
Reading "sky130_ef_io__hvc_vddio_overlay".
Reading "sky130_ef_io__vddio_hvc_clamped_pad".
Reading "sky130_ef_io__lvc_vccdy_overlay".
Reading "sky130_ef_io__vssd_lvc_clamped3_pad".
Reading "sky130_ef_io__vccd_lvc_clamped3_pad".
Reading "chip_io".
Reading "gpio_control_power_routing_right".
Reading "gpio_control_power_routing_top".
Reading "gpio_control_power_routing".
Reading "caravel_power_routing".
Reading "GV_sky130_sram_1kbyte_1rw1r_32x256_8_contact_11".
Reading "GV_sky130_sram_1kbyte_1rw1r_32x256_8_contact_12".
Reading "GV_sky130_sram_1kbyte_1rw1r_32x256_8_contact_13".
Reading "GV_sky130_sram_1kbyte_1rw1r_32x256_8_contact_14".
Reading "GV_sky130_sram_1kbyte_1rw1r_32x256_8_contact_16".
Reading "GV_sky130_sram_1kbyte_1rw1r_32x256_8_contact_29".
Reading "GV_sky130_sram_1kbyte_1rw1r_32x256_8_contact_28".
Reading "GV_sky130_sram_1kbyte_1rw1r_32x256_8_nmos_m1_w0_360_sli_dli_da_p".
Reading "GV_sky130_sram_1kbyte_1rw1r_32x256_8_pmos_m1_w1_120_sli_dli_da_p".
Reading "GV_sky130_sram_1kbyte_1rw1r_32x256_8_nmos_m2_w0_740_sli_dli_da_p".
Reading "GV_sky130_sram_1kbyte_1rw1r_32x256_8_pmos_m2_w1_260_sli_dli_da_p".
Reading "GV_sky130_sram_1kbyte_1rw1r_32x256_8_contact_15".
Reading "GV_sky130_sram_1kbyte_1rw1r_32x256_8_nmos_m1_w0_740_sactive_dli".
Reading "GV_sky130_sram_1kbyte_1rw1r_32x256_8_nmos_m1_w0_740_sli_dactive".
Reading "GV_sky130_sram_1kbyte_1rw1r_32x256_8_pmos_m1_w1_120_sli_dli".
Reading "GV_sky130_sram_1kbyte_1rw1r_32x256_8_nmos_m1_w7_000_sli_dli_da_p".
Reading "GV_sky130_sram_1kbyte_1rw1r_32x256_8_pmos_m1_w7_000_sli_dli_da_p".
Reading "GV_sky130_fd_bd_sram__openram_dp_nand2_dec".
Reading "GV_sky130_sram_1kbyte_1rw1r_32x256_8_pinv_dec".
Reading "GV_sky130_fd_bd_sram__openram_dp_nand3_dec".
Reading "GV_sky130_sram_1kbyte_1rw1r_32x256_8_pinv".
Reading "GV_sky130_sram_1kbyte_1rw1r_32x256_8_contact_19".
Reading "GV_sky130_sram_1kbyte_1rw1r_32x256_8_contact_7".
Reading "GV_sky130_sram_1kbyte_1rw1r_32x256_8_nmos_m3_w1_680_sli_dli_da_p".
Reading "GV_sky130_sram_1kbyte_1rw1r_32x256_8_pmos_m3_w1_680_sli_dli_da_p".
Reading "GV_sky130_sram_1kbyte_1rw1r_32x256_8_nmos_m7_w1_680_sli_dli_da_p".
Reading "GV_sky130_sram_1kbyte_1rw1r_32x256_8_pmos_m7_w2_000_sli_dli_da_p".
Reading "GV_sky130_sram_1kbyte_1rw1r_32x256_8_nmos_m18_w2_000_sli_dli_da_p".
Reading "GV_sky130_sram_1kbyte_1rw1r_32x256_8_pmos_m18_w2_000_sli_dli_da_p".
Reading "GV_sky130_sram_1kbyte_1rw1r_32x256_8_nmos_m22_w2_000_sli_dli_da_p".
Reading "GV_sky130_sram_1kbyte_1rw1r_32x256_8_pmos_m22_w2_000_sli_dli_da_p".
Reading "GV_sky130_sram_1kbyte_1rw1r_32x256_8_pinv_dec_0".
Reading "GV_sky130_sram_1kbyte_1rw1r_32x256_8_contact_20".
Reading "GV_sky130_sram_1kbyte_1rw1r_32x256_8_contact_17".
Reading "GV_sky130_sram_1kbyte_1rw1r_32x256_8_and3_dec".
Reading "GV_sky130_sram_1kbyte_1rw1r_32x256_8_and2_dec".
Reading "GV_sky130_sram_1kbyte_1rw1r_32x256_8_nmos_m1_w2_880_sli_dli".
Reading "GV_sky130_sram_1kbyte_1rw1r_32x256_8_contact_23".
Reading "GV_sky130_sram_1kbyte_1rw1r_32x256_8_contact_21".
Reading "GV_sky130_sram_1kbyte_1rw1r_32x256_8_contact_22".
Reading "GV_sky130_sram_1kbyte_1rw1r_32x256_8_pmos_m1_w0_550_sli_dli".
Reading "GV_sky130_sram_1kbyte_1rw1r_32x256_8_pdriver".
Reading "GV_sky130_sram_1kbyte_1rw1r_32x256_8_pnand2".
Reading "GV_sky130_fd_bd_sram__openram_dff".
Reading "GV_sky130_sram_1kbyte_1rw1r_32x256_8_pinv_2".
Reading "GV_sky130_sram_1kbyte_1rw1r_32x256_8_pinv_1".
Reading "GV_sky130_sram_1kbyte_1rw1r_32x256_8_pinv_3".
Reading "GV_sky130_sram_1kbyte_1rw1r_32x256_8_nmos_m12_w2_000_sli_dli_da_p".
Reading "GV_sky130_sram_1kbyte_1rw1r_32x256_8_pmos_m12_w2_000_sli_dli_da_p".
Reading "GV_sky130_sram_1kbyte_1rw1r_32x256_8_nmos_m4_w1_260_sli_dli_da_p".
Reading "GV_sky130_sram_1kbyte_1rw1r_32x256_8_pmos_m4_w2_000_sli_dli_da_p".
Reading "GV_sky130_sram_1kbyte_1rw1r_32x256_8_pinv_16".
Reading "GV_sky130_sram_1kbyte_1rw1r_32x256_8_nmos_m1_w0_740_sactive_dactive".
Reading "GV_sky130_sram_1kbyte_1rw1r_32x256_8_pinv_15".
Reading "GV_sky130_sram_1kbyte_1rw1r_32x256_8_nmos_m24_w2_000_sli_dli_da_p".
Reading "GV_sky130_sram_1kbyte_1rw1r_32x256_8_pmos_m24_w2_000_sli_dli_da_p".
Reading "GV_sky130_sram_1kbyte_1rw1r_32x256_8_nmos_m8_w2_000_sli_dli_da_p".
Reading "GV_sky130_sram_1kbyte_1rw1r_32x256_8_pmos_m8_w2_000_sli_dli_da_p".
Reading "GV_sky130_sram_1kbyte_1rw1r_32x256_8_nmos_m3_w2_000_sli_dli_da_p".
Reading "GV_sky130_sram_1kbyte_1rw1r_32x256_8_pmos_m3_w2_000_sli_dli_da_p".
Reading "GV_sky130_sram_1kbyte_1rw1r_32x256_8_nmos_m40_w2_000_sli_dli_da_p".
Reading "GV_sky130_sram_1kbyte_1rw1r_32x256_8_pmos_m40_w2_000_sli_dli_da_p".
Reading "GV_sky130_sram_1kbyte_1rw1r_32x256_8_nmos_m13_w2_000_sli_dli_da_p".
Reading "GV_sky130_sram_1kbyte_1rw1r_32x256_8_pmos_m13_w2_000_sli_dli_da_p".
Reading "GV_sky130_sram_1kbyte_1rw1r_32x256_8_nmos_m5_w1_680_sli_dli_da_p".
Reading "GV_sky130_sram_1kbyte_1rw1r_32x256_8_pmos_m5_w2_000_sli_dli_da_p".
Reading "GV_sky130_sram_1kbyte_1rw1r_32x256_8_nmos_m2_w1_260_sli_dli_da_p".
Reading "GV_sky130_sram_1kbyte_1rw1r_32x256_8_pmos_m2_w2_000_sli_dli_da_p".
Reading "GV_sky130_sram_1kbyte_1rw1r_32x256_8_nmos_m39_w2_000_sli_dli_da_p".
Reading "GV_sky130_sram_1kbyte_1rw1r_32x256_8_pmos_m39_w2_000_sli_dli_da_p".
Reading "GV_sky130_sram_1kbyte_1rw1r_32x256_8_wordline_driver".
Reading "GV_sky130_sram_1kbyte_1rw1r_32x256_8_hierarchical_predecode3x8".
Reading "GV_sky130_sram_1kbyte_1rw1r_32x256_8_hierarchical_predecode2x4".
Reading "GV_sky130_sram_1kbyte_1rw1r_32x256_8_contact_27".
Reading "GV_sky130_sram_1kbyte_1rw1r_32x256_8_contact_26".
Reading "GV_sky130_sram_1kbyte_1rw1r_32x256_8_column_mux_0".
Reading "GV_sky130_sram_1kbyte_1rw1r_32x256_8_contact_25".
Reading "GV_sky130_sram_1kbyte_1rw1r_32x256_8_contact_24".
Reading "GV_sky130_fd_bd_sram__openram_sense_amp".
Reading "GV_sky130_sram_1kbyte_1rw1r_32x256_8_precharge_1".
Reading "GV_sky130_sram_1kbyte_1rw1r_32x256_8_column_mux".
Reading "GV_sky130_sram_1kbyte_1rw1r_32x256_8_pand2".
Reading "GV_sky130_fd_bd_sram__openram_write_driver".
Reading "GV_sky130_sram_1kbyte_1rw1r_32x256_8_precharge_0".
Reading "GV_sky130_fd_bd_sram__openram_dp_cell_cap_row".
Reading "GV_sky130_fd_bd_sram__openram_dp_cell_cap_col".
Reading "GV_sky130_fd_bd_sram__openram_dp_cell_dummy".
Reading "GV_sky130_fd_bd_sram__openram_dp_cell_replica".
Reading "GV_sky130_fd_bd_sram__openram_dp_cell".
Reading "GV_sky130_sram_1kbyte_1rw1r_32x256_8_pinv_0".
Reading "GV_sky130_sram_1kbyte_1rw1r_32x256_8_dff_buf_0".
Reading "GV_sky130_sram_1kbyte_1rw1r_32x256_8_pdriver_0".
Reading "GV_sky130_sram_1kbyte_1rw1r_32x256_8_pnand2_0".
Reading "GV_sky130_sram_1kbyte_1rw1r_32x256_8_pinv_18".
Reading "GV_sky130_sram_1kbyte_1rw1r_32x256_8_pinv_17".
Reading "GV_sky130_sram_1kbyte_1rw1r_32x256_8_pinv_11".
Reading "GV_sky130_sram_1kbyte_1rw1r_32x256_8_pinv_6".
Reading "GV_sky130_sram_1kbyte_1rw1r_32x256_8_pinv_19".
Reading "GV_sky130_sram_1kbyte_1rw1r_32x256_8_pdriver_4".
Reading "GV_sky130_sram_1kbyte_1rw1r_32x256_8_pnand3".
Reading "GV_sky130_sram_1kbyte_1rw1r_32x256_8_pdriver_3".
Reading "GV_sky130_sram_1kbyte_1rw1r_32x256_8_pinv_14".
Reading "GV_sky130_sram_1kbyte_1rw1r_32x256_8_pinv_13".
Reading "GV_sky130_sram_1kbyte_1rw1r_32x256_8_pinv_12".
Reading "GV_sky130_sram_1kbyte_1rw1r_32x256_8_pinv_10".
Reading "GV_sky130_sram_1kbyte_1rw1r_32x256_8_pinv_9".
Reading "GV_sky130_sram_1kbyte_1rw1r_32x256_8_pinv_8".
Reading "GV_sky130_sram_1kbyte_1rw1r_32x256_8_pinv_7".
Reading "GV_sky130_sram_1kbyte_1rw1r_32x256_8_pinv_20".
Reading "GV_sky130_sram_1kbyte_1rw1r_32x256_8_and2_dec_0".
Reading "GV_sky130_sram_1kbyte_1rw1r_32x256_8_wordline_driver_array".
Reading "GV_sky130_sram_1kbyte_1rw1r_32x256_8_hierarchical_decoder".
Reading "GV_sky130_sram_1kbyte_1rw1r_32x256_8_column_mux_array_0".
Reading "GV_sky130_sram_1kbyte_1rw1r_32x256_8_sense_amp_array".
Reading "GV_sky130_sram_1kbyte_1rw1r_32x256_8_precharge_array_0".
Reading "GV_sky130_sram_1kbyte_1rw1r_32x256_8_column_mux_array".
Reading "GV_sky130_sram_1kbyte_1rw1r_32x256_8_write_mask_and_array".
Reading "GV_sky130_sram_1kbyte_1rw1r_32x256_8_write_driver_array".
Reading "GV_sky130_sram_1kbyte_1rw1r_32x256_8_precharge_array".
Reading "GV_sky130_sram_1kbyte_1rw1r_32x256_8_contact_9".
Reading "GV_sky130_sram_1kbyte_1rw1r_32x256_8_contact_8".
Reading "GV_sky130_sram_1kbyte_1rw1r_32x256_8_row_cap_array_0".
Reading "GV_sky130_sram_1kbyte_1rw1r_32x256_8_row_cap_array".
Reading "GV_sky130_sram_1kbyte_1rw1r_32x256_8_col_cap_array".
Reading "GV_sky130_sram_1kbyte_1rw1r_32x256_8_col_cap_array_0".
Reading "GV_sky130_sram_1kbyte_1rw1r_32x256_8_dummy_array".
Reading "GV_sky130_sram_1kbyte_1rw1r_32x256_8_replica_column_0".
Reading "GV_sky130_sram_1kbyte_1rw1r_32x256_8_replica_column".
Reading "GV_sky130_sram_1kbyte_1rw1r_32x256_8_bitcell_array".
    5000 uses
Reading "GV_sky130_fd_sc_hd__decap_6_flexbex_ibex_core_gds".
Reading "GV_sky130_fd_sc_hd__fill_2_flexbex_ibex_core_gds".
Reading "GV_sky130_fd_sc_hd__fill_4_flexbex_ibex_core_gds".
Reading "GV_sky130_fd_sc_hd__decap_6_ibex_top_gds".
Reading "GV_sky130_fd_sc_hd__fill_2_ibex_top_gds".
Reading "GV_sky130_fd_sc_hd__fill_4_ibex_top_gds".
Reading "GV_sky130_fd_sc_hd__decap_6_E_CPU_IO_bot_gds".
Reading "GV_sky130_fd_sc_hd__fill_2_E_CPU_IO_bot_gds".
Reading "GV_sky130_fd_sc_hd__fill_4_E_CPU_IO_bot_gds".
Reading "GV_sky130_fd_sc_hd__decap_6_W_CPU_IO_bot_gds".
Reading "GV_sky130_fd_sc_hd__fill_2_W_CPU_IO_bot_gds".
Reading "GV_sky130_fd_sc_hd__fill_4_W_CPU_IO_bot_gds".
Reading "GV_sky130_fd_sc_hd__decap_6_RegFile_gds".
Reading "GV_sky130_fd_sc_hd__fill_2_RegFile_gds".
Reading "GV_sky130_fd_sc_hd__fill_4_RegFile_gds".
Reading "GV_sky130_fd_sc_hd__decap_6_LUT4AB_gds".
Reading "GV_sky130_fd_sc_hd__fill_2_LUT4AB_gds".
Reading "GV_sky130_fd_sc_hd__fill_4_LUT4AB_gds".
Reading "GV_sky130_fd_sc_hd__decap_6_DSP_gds".
Reading "GV_sky130_fd_sc_hd__fill_2_DSP_gds".
Reading "GV_sky130_fd_sc_hd__fill_4_DSP_gds".
Reading "GV_sky130_sram_1kbyte_1rw1r_32x256_8_contact_34".
Reading "GV_sky130_sram_1kbyte_1rw1r_32x256_8_contact_33".
Reading "GV_sky130_sram_1kbyte_1rw1r_32x256_8_pnand2_1".
Reading "GV_sky130_sram_1kbyte_1rw1r_32x256_8_dff_buf_array".
Reading "GV_sky130_sram_1kbyte_1rw1r_32x256_8_pand2_0".
Reading "GV_sky130_sram_1kbyte_1rw1r_32x256_8_pdriver_5".
Reading "GV_sky130_sram_1kbyte_1rw1r_32x256_8_delay_chain".
Reading "GV_sky130_sram_1kbyte_1rw1r_32x256_8_pand3_0".
Reading "GV_sky130_sram_1kbyte_1rw1r_32x256_8_pand3".
Reading "GV_sky130_sram_1kbyte_1rw1r_32x256_8_pdriver_2".
Reading "GV_sky130_sram_1kbyte_1rw1r_32x256_8_pdriver_1".
Reading "GV_sky130_sram_1kbyte_1rw1r_32x256_8_dff_buf_array_0".
Reading "GV_sky130_sram_1kbyte_1rw1r_32x256_8_pdriver_6".
Reading "GV_sky130_sram_1kbyte_1rw1r_32x256_8_pinvbuf".
Reading "GV_sky130_sram_1kbyte_1rw1r_32x256_8_port_address_0".
Reading "GV_sky130_sram_1kbyte_1rw1r_32x256_8_port_address".
Reading "GV_sky130_sram_1kbyte_1rw1r_32x256_8_port_data_0".
Reading "GV_sky130_sram_1kbyte_1rw1r_32x256_8_port_data".
Reading "GV_sky130_sram_1kbyte_1rw1r_32x256_8_replica_bitcell_array".
Reading "GV_sky130_fd_sc_hd__a2111oi_0".
Reading "GV_sky130_ef_sc_hd__fill_8_flexbex_ibex_core_gds".
Reading "GV_sky130_ef_sc_hd__fill_12_flexbex_ibex_core_gds".
Reading "GV_sky130_ef_sc_hd__decap_12_flexbex_ibex_core_gds".
Moving label "VGND" from space to metal1 in cell GV_sky130_ef_sc_hd__decap_12_flexbex_ibex_core_gds.
Moving label "VNB" from space to metal1 in cell GV_sky130_ef_sc_hd__decap_12_flexbex_ibex_core_gds.
Moving label "decap_12" from space to metal1 in cell GV_sky130_ef_sc_hd__decap_12_flexbex_ibex_core_gds.
Reading "GV_sky130_fd_sc_hd__a41o_1_flexbex_ibex_core_gds".
Reading "GV_sky130_fd_sc_hd__a32o_1_flexbex_ibex_core_gds".
Reading "GV_sky130_fd_sc_hd__a31oi_2_flexbex_ibex_core_gds".
Reading "GV_sky130_fd_sc_hd__a22o_1_flexbex_ibex_core_gds".
Reading "GV_sky130_fd_sc_hd__a22o_2_flexbex_ibex_core_gds".
Reading "GV_sky130_fd_sc_hd__a31oi_1_flexbex_ibex_core_gds".
Reading "GV_sky130_fd_sc_hd__a31o_2_flexbex_ibex_core_gds".
Reading "GV_sky130_fd_sc_hd__a22oi_1_flexbex_ibex_core_gds".
Reading "GV_sky130_fd_sc_hd__a21oi_2_flexbex_ibex_core_gds".
Reading "GV_sky130_fd_sc_hd__a21oi_1_flexbex_ibex_core_gds".
Reading "GV_sky130_fd_sc_hd__a21o_1_flexbex_ibex_core_gds".
Reading "GV_sky130_fd_sc_hd__a21boi_1_flexbex_ibex_core_gds".
Reading "GV_sky130_fd_sc_hd__a21bo_2_flexbex_ibex_core_gds".
Reading "GV_sky130_fd_sc_hd__a2bb2oi_2_flexbex_ibex_core_gds".
Reading "GV_sky130_fd_sc_hd__a2bb2oi_1_flexbex_ibex_core_gds".
Reading "GV_sky130_fd_sc_hd__a2bb2o_2_flexbex_ibex_core_gds".
Reading "GV_sky130_fd_sc_hd__a2bb2o_1_flexbex_ibex_core_gds".
Reading "GV_sky130_fd_sc_hd__and4b_2_flexbex_ibex_core_gds".
Reading "GV_sky130_fd_sc_hd__and4b_1_flexbex_ibex_core_gds".
Reading "GV_sky130_fd_sc_hd__and4_1_flexbex_ibex_core_gds".
Reading "GV_sky130_fd_sc_hd__and3b_1_flexbex_ibex_core_gds".
Reading "GV_sky130_fd_sc_hd__and3_1_flexbex_ibex_core_gds".
Reading "GV_sky130_fd_sc_hd__and3_2_flexbex_ibex_core_gds".
Reading "GV_sky130_fd_sc_hd__and2b_1_flexbex_ibex_core_gds".
Reading "GV_sky130_fd_sc_hd__and2_2_flexbex_ibex_core_gds".
Reading "GV_sky130_fd_sc_hd__and2_1_flexbex_ibex_core_gds".
Reading "GV_sky130_fd_sc_hd__a2111oi_2_flexbex_ibex_core_gds".
Reading "GV_sky130_fd_sc_hd__a2111o_1_flexbex_ibex_core_gds".
Reading "GV_sky130_fd_sc_hd__a311oi_1_flexbex_ibex_core_gds".
Reading "GV_sky130_fd_sc_hd__a221o_1_flexbex_ibex_core_gds".
Reading "GV_sky130_fd_sc_hd__a311o_1_flexbex_ibex_core_gds".
Reading "GV_sky130_fd_sc_hd__a211o_1_flexbex_ibex_core_gds".
Reading "GV_sky130_fd_sc_hd__dfrtp_2_flexbex_ibex_core_gds".
Reading "GV_sky130_fd_sc_hd__decap_3_flexbex_ibex_core_gds".
Reading "GV_sky130_fd_sc_hd__decap_4_flexbex_ibex_core_gds".
Reading "GV_sky130_fd_sc_hd__decap_8_flexbex_ibex_core_gds".
Reading "GV_sky130_fd_sc_hd__clkinv_16_flexbex_ibex_core_gds".
Reading "GV_sky130_fd_sc_hd__clkinv_4_flexbex_ibex_core_gds".
Reading "GV_sky130_fd_sc_hd__clkinv_2_flexbex_ibex_core_gds".
Reading "GV_sky130_fd_sc_hd__clkbuf_2_flexbex_ibex_core_gds".
Reading "GV_sky130_fd_sc_hd__clkbuf_4_flexbex_ibex_core_gds".
Reading "GV_sky130_fd_sc_hd__clkbuf_8_flexbex_ibex_core_gds".
Reading "GV_sky130_fd_sc_hd__clkbuf_1_flexbex_ibex_core_gds".
Reading "GV_sky130_fd_sc_hd__buf_8_flexbex_ibex_core_gds".
Reading "GV_sky130_fd_sc_hd__buf_6_flexbex_ibex_core_gds".
Reading "GV_sky130_fd_sc_hd__buf_4_flexbex_ibex_core_gds".
Reading "GV_sky130_fd_sc_hd__buf_2_flexbex_ibex_core_gds".
Reading "GV_sky130_fd_sc_hd__buf_1_flexbex_ibex_core_gds".
Reading "GV_sky130_fd_sc_hd__and4bb_2_flexbex_ibex_core_gds".
Reading "GV_sky130_fd_sc_hd__dlxtn_1_flexbex_ibex_core_gds".
Reading "GV_sky130_fd_sc_hd__diode_2_flexbex_ibex_core_gds".
Reading "GV_sky130_fd_sc_hd__dfxtp_2_flexbex_ibex_core_gds".
Reading "GV_sky130_fd_sc_hd__dfstp_2_flexbex_ibex_core_gds".
Reading "GV_sky130_fd_sc_hd__inv_6_flexbex_ibex_core_gds".
Reading "GV_sky130_fd_sc_hd__inv_4_flexbex_ibex_core_gds".
Reading "GV_sky130_fd_sc_hd__fill_1_flexbex_ibex_core_gds".
Reading "GV_sky130_fd_sc_hd__nor3_2_flexbex_ibex_core_gds".
Reading "GV_sky130_fd_sc_hd__nor3_1_flexbex_ibex_core_gds".
Reading "GV_sky130_fd_sc_hd__nor2_1_flexbex_ibex_core_gds".
Reading "GV_sky130_fd_sc_hd__nand3_2".
Reading "GV_sky130_fd_sc_hd__mux4_2_flexbex_ibex_core_gds".
Reading "GV_sky130_fd_sc_hd__mux4_1_flexbex_ibex_core_gds".
Reading "GV_sky130_fd_sc_hd__nand2_1_flexbex_ibex_core_gds".
Reading "GV_sky130_fd_sc_hd__mux2_4_flexbex_ibex_core_gds".
Reading "GV_sky130_fd_sc_hd__mux2_2_flexbex_ibex_core_gds".
Reading "GV_sky130_fd_sc_hd__mux2_1_flexbex_ibex_core_gds".
Reading "GV_sky130_fd_sc_hd__conb_1_flexbex_ibex_core_gds".
Reading "GV_sky130_fd_sc_hd__inv_2_flexbex_ibex_core_gds".
Reading "GV_sky130_fd_sc_hd__nand2_2_flexbex_ibex_core_gds".
Reading "GV_sky130_fd_sc_hd__nor2_2_flexbex_ibex_core_gds".
Reading "GV_sky130_fd_sc_hd__o41a_1_flexbex_ibex_core_gds".
Reading "GV_sky130_fd_sc_hd__o32a_1_flexbex_ibex_core_gds".
Reading "GV_sky130_fd_sc_hd__o31ai_1_flexbex_ibex_core_gds".
Reading "GV_sky130_fd_sc_hd__o31a_1_flexbex_ibex_core_gds".
Reading "GV_sky130_fd_sc_hd__o22ai_2_flexbex_ibex_core_gds".
Reading "GV_sky130_fd_sc_hd__o22ai_1_flexbex_ibex_core_gds".
Reading "GV_sky130_fd_sc_hd__o22a_2_flexbex_ibex_core_gds".
Reading "GV_sky130_fd_sc_hd__o22a_1_flexbex_ibex_core_gds".
Reading "GV_sky130_fd_sc_hd__o21bai_1_flexbex_ibex_core_gds".
Reading "GV_sky130_fd_sc_hd__o21ba_2_flexbex_ibex_core_gds".
Reading "GV_sky130_fd_sc_hd__o21ai_1_flexbex_ibex_core_gds".
Reading "GV_sky130_fd_sc_hd__o21ai_2_flexbex_ibex_core_gds".
Reading "GV_sky130_fd_sc_hd__o21a_1_flexbex_ibex_core_gds".
Reading "GV_sky130_fd_sc_hd__o2bb2ai_1_flexbex_ibex_core_gds".
Reading "GV_sky130_fd_sc_hd__o2bb2a_1_flexbex_ibex_core_gds".
Reading "GV_sky130_fd_sc_hd__nor4_2_flexbex_ibex_core_gds".
Reading "GV_sky130_fd_sc_hd__nor4_1_flexbex_ibex_core_gds".
Reading "GV_sky130_fd_sc_hd__or4bb_1_flexbex_ibex_core_gds".
Reading "GV_sky130_fd_sc_hd__or4b_2_flexbex_ibex_core_gds".
Reading "GV_sky130_fd_sc_hd__or4_2_flexbex_ibex_core_gds".
Reading "GV_sky130_fd_sc_hd__or4_1_flexbex_ibex_core_gds".
Reading "GV_sky130_fd_sc_hd__or3b_2_flexbex_ibex_core_gds".
Reading "GV_sky130_fd_sc_hd__or3_2_flexbex_ibex_core_gds".
Reading "GV_sky130_fd_sc_hd__or3_1_flexbex_ibex_core_gds".
Reading "GV_sky130_fd_sc_hd__or2b_1_flexbex_ibex_core_gds".
Reading "GV_sky130_fd_sc_hd__or2_2_flexbex_ibex_core_gds".
Reading "GV_sky130_fd_sc_hd__o2111ai_2_flexbex_ibex_core_gds".
Reading "GV_sky130_fd_sc_hd__o311a_1_flexbex_ibex_core_gds".
Reading "GV_sky130_fd_sc_hd__o2111a_1_flexbex_ibex_core_gds".
Reading "GV_sky130_fd_sc_hd__o221ai_1_flexbex_ibex_core_gds".
Reading "GV_sky130_fd_sc_hd__o221a_2_flexbex_ibex_core_gds".
Reading "GV_sky130_fd_sc_hd__o211ai_2_flexbex_ibex_core_gds".
Reading "GV_sky130_fd_sc_hd__o211ai_1_flexbex_ibex_core_gds".
Reading "GV_sky130_fd_sc_hd__o211a_2_flexbex_ibex_core_gds".
Reading "GV_sky130_fd_sc_hd__tapvpwrvgnd_1_flexbex_ibex_core_gds".
Reading "GV_sky130_fd_sc_hd__xnor2_1_flexbex_ibex_core_gds".
Reading "GV_sky130_fd_sc_hd__xor2_1_flexbex_ibex_core_gds".
Reading "GV_flexbex_ibex_core_VIA6".
Reading "GV_flexbex_ibex_core_VIA5".
Reading "GV_flexbex_ibex_core_VIA4".
Reading "GV_flexbex_ibex_core_VIA3".
Reading "GV_flexbex_ibex_core_VIA2".
Reading "GV_flexbex_ibex_core_VIA1".
Reading "GV_flexbex_ibex_core_VIA0".
Reading "GV_L1M1_PR_R_flexbex_ibex_core_gds".
Reading "GV_M1M2_PR_MR_flexbex_ibex_core_gds".
Reading "GV_M1M2_PR_R_flexbex_ibex_core_gds".
Reading "GV_M1M2_PR_M_flexbex_ibex_core_gds".
Reading "GV_M3M4_PR_flexbex_ibex_core_gds".
Reading "GV_M2M3_PR_flexbex_ibex_core_gds".
Reading "GV_M1M2_PR_flexbex_ibex_core_gds".
Reading "GV_L1M1_PR_flexbex_ibex_core_gds".
Reading "GV_sky130_ef_sc_hd__fill_8_ibex_top_gds".
Reading "GV_sky130_ef_sc_hd__fill_12_ibex_top_gds".
Reading "GV_sky130_ef_sc_hd__decap_12_ibex_top_gds".
Moving label "VGND" from space to metal1 in cell GV_sky130_ef_sc_hd__decap_12_ibex_top_gds.
Moving label "VNB" from space to metal1 in cell GV_sky130_ef_sc_hd__decap_12_ibex_top_gds.
Moving label "decap_12" from space to metal1 in cell GV_sky130_ef_sc_hd__decap_12_ibex_top_gds.
Reading "GV_sky130_fd_sc_hd__a41o_1_ibex_top_gds".
Reading "GV_sky130_fd_sc_hd__a32o_1_ibex_top_gds".
Reading "GV_sky130_fd_sc_hd__a31oi_2".
Reading "GV_sky130_fd_sc_hd__a22o_1_ibex_top_gds".
Reading "GV_sky130_fd_sc_hd__a22o_2".
Reading "GV_sky130_fd_sc_hd__a31oi_1_ibex_top_gds".
Reading "GV_sky130_fd_sc_hd__a31o_2_ibex_top_gds".
Reading "GV_sky130_fd_sc_hd__a22oi_1_ibex_top_gds".
Reading "GV_sky130_fd_sc_hd__a21oi_2".
Reading "GV_sky130_fd_sc_hd__a21oi_1_ibex_top_gds".
Reading "GV_sky130_fd_sc_hd__a21o_1_ibex_top_gds".
Reading "GV_sky130_fd_sc_hd__a21boi_1_ibex_top_gds".
Reading "GV_sky130_fd_sc_hd__a21bo_2_ibex_top_gds".
Reading "GV_sky130_fd_sc_hd__a2bb2oi_2_ibex_top_gds".
Reading "GV_sky130_fd_sc_hd__a2bb2oi_1_ibex_top_gds".
Reading "GV_sky130_fd_sc_hd__a2bb2o_2".
Reading "GV_sky130_fd_sc_hd__a2bb2o_1_ibex_top_gds".
Reading "GV_sky130_fd_sc_hd__and4b_2".
Reading "GV_sky130_fd_sc_hd__and4b_1_ibex_top_gds".
Reading "GV_sky130_fd_sc_hd__and4_1_ibex_top_gds".
Reading "GV_sky130_fd_sc_hd__and4_2".
Reading "GV_sky130_fd_sc_hd__and3b_1_ibex_top_gds".
Reading "GV_sky130_fd_sc_hd__and3b_2".
Reading "GV_sky130_fd_sc_hd__and3_1_ibex_top_gds".
Reading "GV_sky130_fd_sc_hd__and3_2_ibex_top_gds".
Reading "GV_sky130_fd_sc_hd__and2b_2".
Reading "GV_sky130_fd_sc_hd__and2b_1_ibex_top_gds".
Reading "GV_sky130_fd_sc_hd__and2_4".
Reading "GV_sky130_fd_sc_hd__and2_2".
Reading "GV_sky130_fd_sc_hd__and2_1_ibex_top_gds".
Reading "GV_sky130_fd_sc_hd__a2111oi_2".
Reading "GV_sky130_fd_sc_hd__a2111oi_1".
Reading "GV_sky130_fd_sc_hd__a2111o_1".
Reading "GV_sky130_fd_sc_hd__a311oi_2".
Reading "GV_sky130_fd_sc_hd__a311oi_1".
Reading "GV_sky130_fd_sc_hd__a221o_1_ibex_top_gds".
Reading "GV_sky130_fd_sc_hd__a221o_2".
Reading "GV_sky130_fd_sc_hd__a221oi_1".
Reading "GV_sky130_fd_sc_hd__a311o_1_ibex_top_gds".
Reading "GV_sky130_fd_sc_hd__a211oi_1_ibex_top_gds".
Reading "GV_sky130_fd_sc_hd__a211o_1_ibex_top_gds".
Reading "GV_sky130_fd_sc_hd__a41o_2".
Reading "GV_sky130_fd_sc_hd__dfrtp_2_ibex_top_gds".
Reading "GV_sky130_fd_sc_hd__decap_3_ibex_top_gds".
Reading "GV_sky130_fd_sc_hd__decap_4_ibex_top_gds".
Reading "GV_sky130_fd_sc_hd__decap_8_ibex_top_gds".
Reading "GV_sky130_fd_sc_hd__clkinv_16_ibex_top_gds".
Reading "GV_sky130_fd_sc_hd__clkinv_8_ibex_top_gds".
Reading "GV_sky130_fd_sc_hd__clkinv_4_ibex_top_gds".
Reading "GV_sky130_fd_sc_hd__clkinv_2_ibex_top_gds".
Reading "GV_sky130_fd_sc_hd__clkbuf_2_ibex_top_gds".
Reading "GV_sky130_fd_sc_hd__clkbuf_4_ibex_top_gds".
Reading "GV_sky130_fd_sc_hd__clkbuf_1_ibex_top_gds".
Reading "GV_sky130_fd_sc_hd__buf_12_ibex_top_gds".
Reading "GV_sky130_fd_sc_hd__buf_8_ibex_top_gds".
Reading "GV_sky130_fd_sc_hd__buf_6_ibex_top_gds".
Reading "GV_sky130_fd_sc_hd__buf_4_ibex_top_gds".
Reading "GV_sky130_fd_sc_hd__buf_2_ibex_top_gds".
Reading "GV_sky130_fd_sc_hd__buf_1_ibex_top_gds".
Reading "GV_sky130_fd_sc_hd__and4bb_2".
Reading "GV_sky130_fd_sc_hd__dlxtn_1".
Reading "GV_sky130_fd_sc_hd__dfxtp_2_ibex_top_gds".
Reading "GV_sky130_fd_sc_hd__dfstp_2_ibex_top_gds".
Reading "GV_sky130_fd_sc_hd__inv_6_ibex_top_gds".
Reading "GV_sky130_fd_sc_hd__inv_4_ibex_top_gds".
Reading "GV_sky130_fd_sc_hd__fill_1_ibex_top_gds".
Reading "GV_sky130_fd_sc_hd__nor3b_1".
Reading "GV_sky130_fd_sc_hd__nor3_2_ibex_top_gds".
Reading "GV_sky130_fd_sc_hd__nor3_1_ibex_top_gds".
Reading "GV_sky130_fd_sc_hd__nor2_4".
Reading "GV_sky130_fd_sc_hd__nor2_1_ibex_top_gds".
Reading "GV_sky130_fd_sc_hd__nand4b_2".
Reading "GV_sky130_fd_sc_hd__nand4_1_ibex_top_gds".
Reading "GV_sky130_fd_sc_hd__nand3b_1_ibex_top_gds".
Reading "GV_sky130_fd_sc_hd__mux4_2_ibex_top_gds".
Reading "GV_sky130_fd_sc_hd__mux4_1_ibex_top_gds".
Reading "GV_sky130_fd_sc_hd__nand2b_1_ibex_top_gds".
Reading "GV_sky130_fd_sc_hd__nand2_1_ibex_top_gds".
Reading "GV_sky130_fd_sc_hd__mux2i_1".
Reading "GV_sky130_fd_sc_hd__mux2_4_ibex_top_gds".
Reading "GV_sky130_fd_sc_hd__mux2_2_ibex_top_gds".
Reading "GV_sky130_fd_sc_hd__mux2_1_ibex_top_gds".
Reading "GV_sky130_fd_sc_hd__conb_1_ibex_top_gds".
Reading "GV_sky130_fd_sc_hd__inv_2_ibex_top_gds".
Reading "GV_sky130_fd_sc_hd__nand2_2_ibex_top_gds".
Reading "GV_sky130_fd_sc_hd__nor2_2_ibex_top_gds".
Reading "GV_sky130_fd_sc_hd__o41a_2".
Reading "GV_sky130_fd_sc_hd__o41a_1_ibex_top_gds".
Reading "GV_sky130_fd_sc_hd__o32a_2".
Reading "GV_sky130_fd_sc_hd__o32a_1_ibex_top_gds".
Reading "GV_sky130_fd_sc_hd__o31ai_2".
Reading "GV_sky130_fd_sc_hd__o31ai_1".
Reading "GV_sky130_fd_sc_hd__o31a_2".
Reading "GV_sky130_fd_sc_hd__o31a_1_ibex_top_gds".
Reading "GV_sky130_fd_sc_hd__o22ai_2".
Reading "GV_sky130_fd_sc_hd__o22ai_1_ibex_top_gds".
Reading "GV_sky130_fd_sc_hd__o22a_2".
Reading "GV_sky130_fd_sc_hd__o22a_1_ibex_top_gds".
Reading "GV_sky130_fd_sc_hd__o21bai_1".
Reading "GV_sky130_fd_sc_hd__o21ba_2_ibex_top_gds".
Reading "GV_sky130_fd_sc_hd__o21ai_1_ibex_top_gds".
Reading "GV_sky130_fd_sc_hd__o21ai_2".
Reading "GV_sky130_fd_sc_hd__o21a_1_ibex_top_gds".
Reading "GV_sky130_fd_sc_hd__o2bb2ai_1_ibex_top_gds".
Reading "GV_sky130_fd_sc_hd__o2bb2a_1_ibex_top_gds".
Reading "GV_sky130_fd_sc_hd__nor4_2".
Reading "GV_sky130_fd_sc_hd__nor4_1_ibex_top_gds".
Reading "GV_sky130_fd_sc_hd__or4bb_1_ibex_top_gds".
Reading "GV_sky130_fd_sc_hd__or4b_2_ibex_top_gds".
Reading "GV_sky130_fd_sc_hd__or4_2_ibex_top_gds".
Reading "GV_sky130_fd_sc_hd__or4_1_ibex_top_gds".
Reading "GV_sky130_fd_sc_hd__or3b_2_ibex_top_gds".
Reading "GV_sky130_fd_sc_hd__or3_2_ibex_top_gds".
Reading "GV_sky130_fd_sc_hd__or3_1_ibex_top_gds".
Reading "GV_sky130_fd_sc_hd__or2b_1_ibex_top_gds".
Reading "GV_sky130_fd_sc_hd__or2_2_ibex_top_gds".
Reading "GV_sky130_fd_sc_hd__or2_1".
Reading "GV_sky130_fd_sc_hd__o2111ai_2".
Reading "GV_sky130_fd_sc_hd__o2111ai_1_ibex_top_gds".
Reading "GV_sky130_fd_sc_hd__o311a_1_ibex_top_gds".
Reading "GV_sky130_fd_sc_hd__o2111a_1_ibex_top_gds".
Reading "GV_sky130_fd_sc_hd__o221ai_2".
Reading "GV_sky130_fd_sc_hd__o221ai_1_ibex_top_gds".
Reading "GV_sky130_fd_sc_hd__o221a_2_ibex_top_gds".
Reading "GV_sky130_fd_sc_hd__o211ai_4".
Reading "GV_sky130_fd_sc_hd__o211ai_2".
Reading "GV_sky130_fd_sc_hd__o211ai_1_ibex_top_gds".
Reading "GV_sky130_fd_sc_hd__o211a_2_ibex_top_gds".
Reading "GV_sky130_fd_sc_hd__tapvpwrvgnd_1_ibex_top_gds".
Reading "GV_sky130_fd_sc_hd__xnor2_1_ibex_top_gds".
Reading "GV_sky130_fd_sc_hd__xor2_1_ibex_top_gds".
Reading "GV_ibex_top_VIA6".
Reading "GV_ibex_top_VIA5".
Reading "GV_ibex_top_VIA4".
Reading "GV_ibex_top_VIA3".
Reading "GV_ibex_top_VIA2".
Reading "GV_ibex_top_VIA1".
Reading "GV_ibex_top_VIA0".
Reading "GV_L1M1_PR_R_ibex_top_gds".
Reading "GV_M1M2_PR_MR_ibex_top_gds".
Reading "GV_M1M2_PR_R_ibex_top_gds".
Reading "GV_M3M4_PR_ibex_top_gds".
Reading "GV_M2M3_PR_ibex_top_gds".
Reading "GV_M1M2_PR_M_ibex_top_gds".
Reading "GV_M1M2_PR_ibex_top_gds".
Reading "GV_L1M1_PR_ibex_top_gds".
Reading "GV_sky130_ef_sc_hd__fill_8_E_CPU_IO_bot_gds".
Reading "GV_sky130_ef_sc_hd__fill_12_E_CPU_IO_bot_gds".
Reading "GV_sky130_ef_sc_hd__decap_12_E_CPU_IO_bot_gds".
Moving label "VGND" from space to metal1 in cell GV_sky130_ef_sc_hd__decap_12_E_CPU_IO_bot_gds.
Moving label "VNB" from space to metal1 in cell GV_sky130_ef_sc_hd__decap_12_E_CPU_IO_bot_gds.
Moving label "decap_12" from space to metal1 in cell GV_sky130_ef_sc_hd__decap_12_E_CPU_IO_bot_gds.
Reading "GV_sky130_fd_sc_hd__decap_8_E_CPU_IO_bot_gds".
Reading "GV_sky130_fd_sc_hd__clkinv_16_E_CPU_IO_bot_gds".
Reading "GV_sky130_fd_sc_hd__clkinv_8_E_CPU_IO_bot_gds".
Reading "GV_sky130_fd_sc_hd__clkinv_4_E_CPU_IO_bot_gds".
Reading "GV_sky130_fd_sc_hd__clkbuf_16_E_CPU_IO_bot_gds".
Reading "GV_sky130_fd_sc_hd__clkbuf_1_E_CPU_IO_bot_gds".
Reading "GV_sky130_fd_sc_hd__buf_8_E_CPU_IO_bot_gds".
Reading "GV_sky130_fd_sc_hd__buf_2_E_CPU_IO_bot_gds".
Reading "GV_sky130_fd_sc_hd__buf_1_E_CPU_IO_bot_gds".
Reading "GV_sky130_fd_sc_hd__dlxbp_1_E_CPU_IO_bot_gds".
Reading "GV_sky130_fd_sc_hd__dfxtp_2_E_CPU_IO_bot_gds".
Reading "GV_sky130_fd_sc_hd__fill_1_E_CPU_IO_bot_gds".
Reading "GV_sky130_fd_sc_hd__mux2_1_E_CPU_IO_bot_gds".
Reading "GV_sky130_fd_sc_hd__conb_1_E_CPU_IO_bot_gds".
Reading "GV_sky130_fd_sc_hd__tapvpwrvgnd_1_E_CPU_IO_bot_gds".
Reading "GV_E_CPU_IO_bot_VIA6".
Reading "GV_E_CPU_IO_bot_VIA5".
Reading "GV_E_CPU_IO_bot_VIA4".
Reading "GV_E_CPU_IO_bot_VIA3".
Reading "GV_E_CPU_IO_bot_VIA2".
Reading "GV_E_CPU_IO_bot_VIA1".
Reading "GV_E_CPU_IO_bot_VIA0".
Reading "GV_M1M2_PR_M_E_CPU_IO_bot_gds".
Reading "GV_M3M4_PR_E_CPU_IO_bot_gds".
Reading "GV_M1M2_PR_R_E_CPU_IO_bot_gds".
Reading "GV_M2M3_PR_E_CPU_IO_bot_gds".
Reading "GV_M1M2_PR_E_CPU_IO_bot_gds".
Reading "GV_L1M1_PR_E_CPU_IO_bot_gds".
Reading "GV_sky130_ef_sc_hd__fill_8_W_CPU_IO_bot_gds".
Reading "GV_sky130_ef_sc_hd__fill_12_W_CPU_IO_bot_gds".
Reading "GV_sky130_ef_sc_hd__decap_12_W_CPU_IO_bot_gds".
Moving label "VGND" from space to metal1 in cell GV_sky130_ef_sc_hd__decap_12_W_CPU_IO_bot_gds.
Moving label "VNB" from space to metal1 in cell GV_sky130_ef_sc_hd__decap_12_W_CPU_IO_bot_gds.
Moving label "decap_12" from space to metal1 in cell GV_sky130_ef_sc_hd__decap_12_W_CPU_IO_bot_gds.
Reading "GV_sky130_fd_sc_hd__decap_8_W_CPU_IO_bot_gds".
Reading "GV_sky130_fd_sc_hd__clkinv_16_W_CPU_IO_bot_gds".
Reading "GV_sky130_fd_sc_hd__clkinv_8_W_CPU_IO_bot_gds".
Reading "GV_sky130_fd_sc_hd__clkinv_4_W_CPU_IO_bot_gds".
Reading "GV_sky130_fd_sc_hd__clkbuf_16_W_CPU_IO_bot_gds".
Reading "GV_sky130_fd_sc_hd__clkbuf_1_W_CPU_IO_bot_gds".
Reading "GV_sky130_fd_sc_hd__buf_8_W_CPU_IO_bot_gds".
Reading "GV_sky130_fd_sc_hd__dlxbp_1_W_CPU_IO_bot_gds".
Reading "GV_sky130_fd_sc_hd__dfxtp_2_W_CPU_IO_bot_gds".
Reading "GV_sky130_fd_sc_hd__fill_1_W_CPU_IO_bot_gds".
Reading "GV_sky130_fd_sc_hd__mux2_1_W_CPU_IO_bot_gds".
Reading "GV_sky130_fd_sc_hd__conb_1_W_CPU_IO_bot_gds".
Reading "GV_sky130_fd_sc_hd__tapvpwrvgnd_1_W_CPU_IO_bot_gds".
Reading "GV_W_CPU_IO_bot_VIA6".
Reading "GV_W_CPU_IO_bot_VIA5".
Reading "GV_W_CPU_IO_bot_VIA4".
Reading "GV_W_CPU_IO_bot_VIA3".
Reading "GV_W_CPU_IO_bot_VIA2".
Reading "GV_W_CPU_IO_bot_VIA1".
Reading "GV_W_CPU_IO_bot_VIA0".
Reading "GV_M1M2_PR_M_W_CPU_IO_bot_gds".
Reading "GV_M1M2_PR_MR_W_CPU_IO_bot_gds".
Reading "GV_M3M4_PR_W_CPU_IO_bot_gds".
Reading "GV_M2M3_PR_W_CPU_IO_bot_gds".
Reading "GV_M1M2_PR_R_W_CPU_IO_bot_gds".
Reading "GV_M1M2_PR_W_CPU_IO_bot_gds".
Reading "GV_L1M1_PR_W_CPU_IO_bot_gds".
Reading "GV_sky130_fd_sc_hd__decap_3_E_CPU_IO_gds".
Reading "GV_sky130_fd_sc_hd__decap_4_E_CPU_IO_gds".
Reading "GV_sky130_fd_sc_hd__decap_6_E_CPU_IO_gds".
Reading "GV_sky130_fd_sc_hd__decap_8_E_CPU_IO_gds".
Reading "GV_sky130_fd_sc_hd__clkinv_16_E_CPU_IO_gds".
Reading "GV_sky130_fd_sc_hd__clkinv_8_E_CPU_IO_gds".
Reading "GV_sky130_fd_sc_hd__clkinv_4_E_CPU_IO_gds".
Reading "GV_sky130_fd_sc_hd__clkbuf_4_E_CPU_IO_gds".
Reading "GV_sky130_fd_sc_hd__clkbuf_16_E_CPU_IO_gds".
Reading "GV_sky130_fd_sc_hd__clkbuf_1_E_CPU_IO_gds".
Reading "GV_sky130_fd_sc_hd__buf_8_E_CPU_IO_gds".
Reading "GV_sky130_fd_sc_hd__buf_1_E_CPU_IO_gds".
Reading "GV_sky130_fd_sc_hd__dlygate4sd2_1_E_CPU_IO_gds".
Reading "GV_sky130_fd_sc_hd__dlxbp_1_E_CPU_IO_gds".
Reading "GV_sky130_fd_sc_hd__diode_2_E_CPU_IO_gds".
Reading "GV_sky130_fd_sc_hd__dfxtp_2_E_CPU_IO_gds".
Reading "GV_sky130_fd_sc_hd__fill_8_E_CPU_IO_gds".
Reading "GV_sky130_fd_sc_hd__fill_4_E_CPU_IO_gds".
Reading "GV_sky130_fd_sc_hd__fill_2_E_CPU_IO_gds".
Reading "GV_sky130_fd_sc_hd__fill_1_E_CPU_IO_gds".
Reading "GV_sky130_fd_sc_hd__mux2_1_E_CPU_IO_gds".
Reading "GV_sky130_fd_sc_hd__conb_1_E_CPU_IO_gds".
Reading "GV_sky130_fd_sc_hd__tapvpwrvgnd_1_E_CPU_IO_gds".
Reading "GV_E_CPU_IO_VIA6".
Reading "GV_E_CPU_IO_VIA5".
Reading "GV_E_CPU_IO_VIA4".
Reading "GV_E_CPU_IO_VIA3".
Reading "GV_E_CPU_IO_VIA2".
Reading "GV_E_CPU_IO_VIA1".
Reading "GV_E_CPU_IO_VIA0".
Reading "GV_M1M2_PR_M_E_CPU_IO_gds".
Reading "GV_M3M4_PR_E_CPU_IO_gds".
Reading "GV_M2M3_PR_E_CPU_IO_gds".
Reading "GV_M1M2_PR_E_CPU_IO_gds".
Reading "GV_L1M1_PR_E_CPU_IO_gds".
Reading "GV_sky130_fd_sc_hd__decap_3_W_CPU_IO_gds".
Reading "GV_sky130_fd_sc_hd__decap_4_W_CPU_IO_gds".
Reading "GV_sky130_fd_sc_hd__decap_6_W_CPU_IO_gds".
Reading "GV_sky130_fd_sc_hd__decap_8_W_CPU_IO_gds".
Reading "GV_sky130_fd_sc_hd__clkinv_8_W_CPU_IO_gds".
Reading "GV_sky130_fd_sc_hd__clkinv_4_W_CPU_IO_gds".
Reading "GV_sky130_fd_sc_hd__clkinv_16_W_CPU_IO_gds".
Reading "GV_sky130_fd_sc_hd__clkbuf_16".
Reading "GV_sky130_fd_sc_hd__clkbuf_4_W_CPU_IO_gds".
Reading "GV_sky130_fd_sc_hd__clkbuf_1_W_CPU_IO_gds".
Reading "GV_sky130_fd_sc_hd__buf_8_W_CPU_IO_gds".
Reading "GV_sky130_fd_sc_hd__dlygate4sd2_1_W_CPU_IO_gds".
Reading "GV_sky130_fd_sc_hd__dlxbp_1_W_CPU_IO_gds".
Reading "GV_sky130_fd_sc_hd__dfxtp_2_W_CPU_IO_gds".
Reading "GV_sky130_fd_sc_hd__fill_8_W_CPU_IO_gds".
Reading "GV_sky130_fd_sc_hd__fill_4_W_CPU_IO_gds".
Reading "GV_sky130_fd_sc_hd__fill_2_W_CPU_IO_gds".
Reading "GV_sky130_fd_sc_hd__fill_1_W_CPU_IO_gds".
Reading "GV_sky130_fd_sc_hd__mux2_1_W_CPU_IO_gds".
Reading "GV_sky130_fd_sc_hd__conb_1_W_CPU_IO_gds".
Reading "GV_sky130_fd_sc_hd__tapvpwrvgnd_1_W_CPU_IO_gds".
Reading "GV_W_CPU_IO_VIA6".
Reading "GV_W_CPU_IO_VIA5".
Reading "GV_W_CPU_IO_VIA4".
Reading "GV_W_CPU_IO_VIA3".
Reading "GV_W_CPU_IO_VIA2".
Reading "GV_W_CPU_IO_VIA1".
Reading "GV_W_CPU_IO_VIA0".
Reading "GV_M1M2_PR_R_W_CPU_IO_gds".
Reading "GV_M1M2_PR_M_W_CPU_IO_gds".
Reading "GV_M2M3_PR_W_CPU_IO_gds".
Reading "GV_M1M2_PR_W_CPU_IO_gds".
Reading "GV_M3M4_PR_W_CPU_IO_gds".
Reading "GV_L1M1_PR_W_CPU_IO_gds".
Reading "GV_sky130_fd_sc_hd__decap_3_W_IO_gds".
Reading "GV_sky130_fd_sc_hd__decap_4_W_IO_gds".
Reading "GV_sky130_fd_sc_hd__decap_6_W_IO_gds".
Reading "GV_sky130_fd_sc_hd__decap_8_W_IO_gds".
Reading "GV_sky130_fd_sc_hd__clkdlybuf4s50_1_W_IO_gds".
Reading "GV_sky130_fd_sc_hd__clkbuf_1_W_IO_gds".
Reading "GV_sky130_fd_sc_hd__buf_8_W_IO_gds".
Reading "GV_sky130_fd_sc_hd__buf_1_W_IO_gds".
Reading "GV_sky130_fd_sc_hd__dlygate4sd3_1_W_IO_gds".
Reading "GV_sky130_fd_sc_hd__dlygate4sd2_1_W_IO_gds".
Reading "GV_sky130_fd_sc_hd__dlxbp_1_W_IO_gds".
Reading "GV_sky130_fd_sc_hd__diode_2_W_IO_gds".
Reading "GV_sky130_fd_sc_hd__dfxtp_2_W_IO_gds".
Reading "GV_sky130_fd_sc_hd__fill_2_W_IO_gds".
Reading "GV_sky130_fd_sc_hd__fill_1_W_IO_gds".
Reading "GV_sky130_fd_sc_hd__mux4_2_W_IO_gds".
Reading "GV_sky130_fd_sc_hd__mux2_1_W_IO_gds".
Reading "GV_sky130_fd_sc_hd__conb_1_W_IO_gds".
Reading "GV_sky130_fd_sc_hd__inv_2_W_IO_gds".
Reading "GV_sky130_fd_sc_hd__tapvpwrvgnd_1_W_IO_gds".
Reading "GV_W_IO_VIA6".
Reading "GV_W_IO_VIA5".
Reading "GV_W_IO_VIA4".
Reading "GV_W_IO_VIA3".
Reading "GV_W_IO_VIA2".
Reading "GV_W_IO_VIA1".
Reading "GV_W_IO_VIA0".
Reading "GV_M1M2_PR_MR_W_IO_gds".
Reading "GV_M3M4_PR_W_IO_gds".
Reading "GV_M1M2_PR_M_W_IO_gds".
Reading "GV_M2M3_PR_W_IO_gds".
Reading "GV_M1M2_PR_W_IO_gds".
Reading "GV_L1M1_PR_W_IO_gds".
Reading "GV_sky130_fd_sc_hd__decap_6_S_term_single2_gds".
Reading "GV_sky130_fd_sc_hd__decap_8_S_term_single2_gds".
Reading "GV_sky130_fd_sc_hd__clkinv_4_S_term_single2_gds".
Reading "GV_sky130_fd_sc_hd__clkbuf_1_S_term_single2_gds".
Reading "GV_sky130_fd_sc_hd__buf_8_S_term_single2_gds".
Reading "GV_sky130_fd_sc_hd__buf_1_S_term_single2_gds".
Reading "GV_sky130_fd_sc_hd__dlygate4sd3_1_S_term_single2_gds".
Reading "GV_sky130_fd_sc_hd__fill_8_S_term_single2_gds".
Reading "GV_sky130_fd_sc_hd__fill_4_S_term_single2_gds".
Reading "GV_sky130_fd_sc_hd__fill_2_S_term_single2_gds".
Reading "GV_sky130_fd_sc_hd__fill_1_S_term_single2_gds".
Reading "GV_sky130_fd_sc_hd__tapvpwrvgnd_1_S_term_single2_gds".
Reading "GV_S_term_single2_VIA6".
Reading "GV_S_term_single2_VIA5".
Reading "GV_S_term_single2_VIA4".
Reading "GV_S_term_single2_VIA3".
Reading "GV_S_term_single2_VIA2".
Reading "GV_S_term_single2_VIA1".
Reading "GV_S_term_single2_VIA0".
Reading "GV_M1M2_PR_M_S_term_single2_gds".
Reading "GV_M2M3_PR_S_term_single2_gds".
Reading "GV_M1M2_PR_S_term_single2_gds".
Reading "GV_L1M1_PR_S_term_single2_gds".
Reading "GV_sky130_fd_sc_hd__decap_6_S_term_DSP_gds".
Reading "GV_sky130_fd_sc_hd__decap_8_S_term_DSP_gds".
Reading "GV_sky130_fd_sc_hd__clkinv_4_S_term_DSP_gds".
Reading "GV_sky130_fd_sc_hd__clkbuf_1_S_term_DSP_gds".
Reading "GV_sky130_fd_sc_hd__buf_8_S_term_DSP_gds".
Reading "GV_sky130_fd_sc_hd__buf_1_S_term_DSP_gds".
Reading "GV_sky130_fd_sc_hd__dlygate4sd3_1_S_term_DSP_gds".
Reading "GV_sky130_fd_sc_hd__fill_8_S_term_DSP_gds".
Reading "GV_sky130_fd_sc_hd__fill_4_S_term_DSP_gds".
Reading "GV_sky130_fd_sc_hd__fill_2_S_term_DSP_gds".
Reading "GV_sky130_fd_sc_hd__fill_1_S_term_DSP_gds".
Reading "GV_sky130_fd_sc_hd__tapvpwrvgnd_1_S_term_DSP_gds".
Reading "GV_S_term_DSP_VIA6".
Reading "GV_S_term_DSP_VIA5".
Reading "GV_S_term_DSP_VIA4".
Reading "GV_S_term_DSP_VIA3".
Reading "GV_S_term_DSP_VIA2".
Reading "GV_S_term_DSP_VIA1".
Reading "GV_S_term_DSP_VIA0".
Reading "GV_M1M2_PR_M_S_term_DSP_gds".
Reading "GV_M2M3_PR_S_term_DSP_gds".
Reading "GV_M1M2_PR_S_term_DSP_gds".
Reading "GV_L1M1_PR_S_term_DSP_gds".
Reading "GV_sky130_fd_sc_hd__decap_6_S_term_single_gds".
Reading "GV_sky130_fd_sc_hd__decap_8_S_term_single_gds".
Reading "GV_sky130_fd_sc_hd__clkinv_4_S_term_single_gds".
Reading "GV_sky130_fd_sc_hd__clkbuf_1_S_term_single_gds".
Reading "GV_sky130_fd_sc_hd__buf_8_S_term_single_gds".
Reading "GV_sky130_fd_sc_hd__buf_1_S_term_single_gds".
Reading "GV_sky130_fd_sc_hd__dlygate4sd3_1_S_term_single_gds".
Reading "GV_sky130_fd_sc_hd__fill_8_S_term_single_gds".
Reading "GV_sky130_fd_sc_hd__fill_4_S_term_single_gds".
Reading "GV_sky130_fd_sc_hd__fill_2_S_term_single_gds".
Reading "GV_sky130_fd_sc_hd__fill_1_S_term_single_gds".
Reading "GV_sky130_fd_sc_hd__conb_1_S_term_single_gds".
Reading "GV_sky130_fd_sc_hd__tapvpwrvgnd_1_S_term_single_gds".
Reading "GV_S_term_single_VIA6".
Reading "GV_S_term_single_VIA5".
Reading "GV_S_term_single_VIA4".
Reading "GV_S_term_single_VIA3".
Reading "GV_S_term_single_VIA2".
Reading "GV_S_term_single_VIA1".
Reading "GV_S_term_single_VIA0".
Reading "GV_M1M2_PR_M_S_term_single_gds".
Reading "GV_M2M3_PR_S_term_single_gds".
Reading "GV_L1M1_PR_S_term_single_gds".
Reading "GV_M1M2_PR_S_term_single_gds".
Reading "GV_sky130_fd_sc_hd__decap_4_S_term_RAM_IO_gds".
Reading "GV_sky130_fd_sc_hd__decap_6_S_term_RAM_IO_gds".
Reading "GV_sky130_fd_sc_hd__decap_8_S_term_RAM_IO_gds".
Reading "GV_sky130_fd_sc_hd__clkinv_4_S_term_RAM_IO_gds".
Reading "GV_sky130_fd_sc_hd__clkbuf_1_S_term_RAM_IO_gds".
Reading "GV_sky130_fd_sc_hd__buf_8_S_term_RAM_IO_gds".
Reading "GV_sky130_fd_sc_hd__dlygate4sd3_1_S_term_RAM_IO_gds".
Reading "GV_sky130_fd_sc_hd__dlygate4sd2_1_S_term_RAM_IO_gds".
Reading "GV_sky130_fd_sc_hd__diode_2_S_term_RAM_IO_gds".
Reading "GV_sky130_fd_sc_hd__fill_8_S_term_RAM_IO_gds".
Reading "GV_sky130_fd_sc_hd__fill_4_S_term_RAM_IO_gds".
Reading "GV_sky130_fd_sc_hd__fill_2_S_term_RAM_IO_gds".
Reading "GV_sky130_fd_sc_hd__fill_1_S_term_RAM_IO_gds".
Reading "GV_sky130_fd_sc_hd__tapvpwrvgnd_1_S_term_RAM_IO_gds".
Reading "GV_S_term_RAM_IO_VIA6".
Reading "GV_S_term_RAM_IO_VIA5".
Reading "GV_S_term_RAM_IO_VIA4".
Reading "GV_S_term_RAM_IO_VIA3".
Reading "GV_S_term_RAM_IO_VIA2".
Reading "GV_S_term_RAM_IO_VIA1".
Reading "GV_S_term_RAM_IO_VIA0".
Reading "GV_M1M2_PR_M_S_term_RAM_IO_gds".
Reading "GV_M2M3_PR_S_term_RAM_IO_gds".
Reading "GV_M1M2_PR_S_term_RAM_IO_gds".
Reading "GV_L1M1_PR_S_term_RAM_IO_gds".
Reading "GV_sky130_fd_sc_hd__decap_8_N_term_single2_gds".
Reading "GV_sky130_fd_sc_hd__clkinv_4_N_term_single2_gds".
Reading "GV_sky130_fd_sc_hd__clkbuf_1_N_term_single2_gds".
Reading "GV_sky130_fd_sc_hd__buf_8_N_term_single2_gds".
Reading "GV_sky130_fd_sc_hd__buf_2_N_term_single2_gds".
Reading "GV_sky130_fd_sc_hd__dlygate4sd3_1_N_term_single2_gds".
Reading "GV_sky130_fd_sc_hd__fill_8_N_term_single2_gds".
Reading "GV_sky130_fd_sc_hd__fill_4_N_term_single2_gds".
Reading "GV_sky130_fd_sc_hd__fill_2_N_term_single2_gds".
Reading "GV_sky130_fd_sc_hd__fill_1_N_term_single2_gds".
Reading "GV_sky130_fd_sc_hd__tapvpwrvgnd_1_N_term_single2_gds".
Reading "GV_N_term_single2_VIA6".
Reading "GV_N_term_single2_VIA5".
Reading "GV_N_term_single2_VIA4".
Reading "GV_N_term_single2_VIA3".
Reading "GV_N_term_single2_VIA2".
Reading "GV_N_term_single2_VIA1".
Reading "GV_N_term_single2_VIA0".
Reading "GV_M1M2_PR_M_N_term_single2_gds".
Reading "GV_M2M3_PR_N_term_single2_gds".
Reading "GV_M1M2_PR_N_term_single2_gds".
Reading "GV_L1M1_PR_N_term_single2_gds".
Reading "GV_sky130_fd_sc_hd__decap_8_N_term_DSP_gds".
Reading "GV_sky130_fd_sc_hd__clkinv_4_N_term_DSP_gds".
Reading "GV_sky130_fd_sc_hd__clkbuf_1_N_term_DSP_gds".
Reading "GV_sky130_fd_sc_hd__buf_8_N_term_DSP_gds".
Reading "GV_sky130_fd_sc_hd__buf_2_N_term_DSP_gds".
Reading "GV_sky130_fd_sc_hd__dlygate4sd3_1_N_term_DSP_gds".
Reading "GV_sky130_fd_sc_hd__fill_8_N_term_DSP_gds".
Reading "GV_sky130_fd_sc_hd__fill_4_N_term_DSP_gds".
Reading "GV_sky130_fd_sc_hd__fill_2_N_term_DSP_gds".
Reading "GV_sky130_fd_sc_hd__fill_1_N_term_DSP_gds".
Reading "GV_sky130_fd_sc_hd__tapvpwrvgnd_1_N_term_DSP_gds".
Reading "GV_N_term_DSP_VIA6".
Reading "GV_N_term_DSP_VIA5".
Reading "GV_N_term_DSP_VIA4".
Reading "GV_N_term_DSP_VIA3".
Reading "GV_N_term_DSP_VIA2".
Reading "GV_N_term_DSP_VIA1".
Reading "GV_N_term_DSP_VIA0".
Reading "GV_M1M2_PR_M_N_term_DSP_gds".
Reading "GV_M2M3_PR_N_term_DSP_gds".
Reading "GV_M1M2_PR_N_term_DSP_gds".
Reading "GV_L1M1_PR_N_term_DSP_gds".
Reading "GV_sky130_fd_sc_hd__decap_8_N_term_single_gds".
Reading "GV_sky130_fd_sc_hd__clkinv_4_N_term_single_gds".
Reading "GV_sky130_fd_sc_hd__clkbuf_1_N_term_single_gds".
Reading "GV_sky130_fd_sc_hd__buf_8_N_term_single_gds".
Reading "GV_sky130_fd_sc_hd__buf_2_N_term_single_gds".
Reading "GV_sky130_fd_sc_hd__dlygate4sd3_1_N_term_single_gds".
Reading "GV_sky130_fd_sc_hd__fill_8_N_term_single_gds".
Reading "GV_sky130_fd_sc_hd__fill_4_N_term_single_gds".
Reading "GV_sky130_fd_sc_hd__fill_2_N_term_single_gds".
Reading "GV_sky130_fd_sc_hd__fill_1_N_term_single_gds".
Reading "GV_sky130_fd_sc_hd__tapvpwrvgnd_1_N_term_single_gds".
Reading "GV_N_term_single_VIA6".
Reading "GV_N_term_single_VIA5".
Reading "GV_N_term_single_VIA4".
Reading "GV_N_term_single_VIA3".
Reading "GV_N_term_single_VIA2".
Reading "GV_N_term_single_VIA1".
Reading "GV_N_term_single_VIA0".
Reading "GV_M1M2_PR_M_N_term_single_gds".
Reading "GV_M2M3_PR_N_term_single_gds".
Reading "GV_M1M2_PR_N_term_single_gds".
Reading "GV_L1M1_PR_N_term_single_gds".
Reading "GV_sky130_fd_sc_hd__decap_8_N_term_RAM_IO_gds".
Reading "GV_sky130_fd_sc_hd__clkinv_4_N_term_RAM_IO_gds".
Reading "GV_sky130_fd_sc_hd__clkbuf_1_N_term_RAM_IO_gds".
Reading "GV_sky130_fd_sc_hd__buf_8_N_term_RAM_IO_gds".
Reading "GV_sky130_fd_sc_hd__dlygate4sd3_1_N_term_RAM_IO_gds".
Reading "GV_sky130_fd_sc_hd__dlygate4sd2_1_N_term_RAM_IO_gds".
Reading "GV_sky130_fd_sc_hd__fill_8_N_term_RAM_IO_gds".
Reading "GV_sky130_fd_sc_hd__fill_4_N_term_RAM_IO_gds".
Reading "GV_sky130_fd_sc_hd__fill_2_N_term_RAM_IO_gds".
Reading "GV_sky130_fd_sc_hd__fill_1_N_term_RAM_IO_gds".
Reading "GV_sky130_fd_sc_hd__tapvpwrvgnd_1_N_term_RAM_IO_gds".
Reading "GV_N_term_RAM_IO_VIA6".
Reading "GV_N_term_RAM_IO_VIA5".
Reading "GV_N_term_RAM_IO_VIA4".
Reading "GV_N_term_RAM_IO_VIA3".
Reading "GV_N_term_RAM_IO_VIA2".
Reading "GV_N_term_RAM_IO_VIA1".
Reading "GV_N_term_RAM_IO_VIA0".
Reading "GV_M1M2_PR_M_N_term_RAM_IO_gds".
Reading "GV_M3M4_PR_N_term_RAM_IO_gds".
Reading "GV_M2M3_PR_N_term_RAM_IO_gds".
Reading "GV_M1M2_PR_N_term_RAM_IO_gds".
Reading "GV_L1M1_PR_N_term_RAM_IO_gds".
Reading "GV_sky130_ef_sc_hd__fill_8_RegFile_gds".
Reading "GV_sky130_ef_sc_hd__fill_12_RegFile_gds".
Reading "GV_sky130_ef_sc_hd__decap_12_RegFile_gds".
Moving label "VGND" from space to metal1 in cell GV_sky130_ef_sc_hd__decap_12_RegFile_gds.
Moving label "VNB" from space to metal1 in cell GV_sky130_ef_sc_hd__decap_12_RegFile_gds.
Moving label "decap_12" from space to metal1 in cell GV_sky130_ef_sc_hd__decap_12_RegFile_gds.
Reading "GV_sky130_fd_sc_hd__a22o_1_RegFile_gds".
Reading "GV_sky130_fd_sc_hd__decap_3_RegFile_gds".
Reading "GV_sky130_fd_sc_hd__decap_4_RegFile_gds".
Reading "GV_sky130_fd_sc_hd__decap_8_RegFile_gds".
Reading "GV_sky130_fd_sc_hd__clkinv_16_RegFile_gds".
Reading "GV_sky130_fd_sc_hd__clkinv_8_RegFile_gds".
Reading "GV_sky130_fd_sc_hd__clkinv_4_RegFile_gds".
Reading "GV_sky130_fd_sc_hd__clkdlybuf4s50_1_RegFile_gds".
Reading "GV_sky130_fd_sc_hd__clkbuf_4_RegFile_gds".
Reading "GV_sky130_fd_sc_hd__clkdlybuf4s25_1_RegFile_gds".
Reading "GV_sky130_fd_sc_hd__clkbuf_1_RegFile_gds".
Reading "GV_sky130_fd_sc_hd__buf_12_RegFile_gds".
Reading "GV_sky130_fd_sc_hd__buf_8_RegFile_gds".
Reading "GV_sky130_fd_sc_hd__buf_4_RegFile_gds".
Reading "GV_sky130_fd_sc_hd__buf_2_RegFile_gds".
Reading "GV_sky130_fd_sc_hd__buf_1_RegFile_gds".
Reading "GV_sky130_fd_sc_hd__dlygate4sd3_1_RegFile_gds".
Reading "GV_sky130_fd_sc_hd__dlygate4sd2_1_RegFile_gds".
Reading "GV_sky130_fd_sc_hd__dlxbp_1_RegFile_gds".
Reading "GV_sky130_fd_sc_hd__diode_2_RegFile_gds".
Reading "GV_sky130_fd_sc_hd__dfxtp_2_RegFile_gds".
Reading "GV_sky130_fd_sc_hd__fill_1_RegFile_gds".
Reading "GV_sky130_fd_sc_hd__mux4_4".
Reading "GV_sky130_fd_sc_hd__mux4_2_RegFile_gds".
Reading "GV_sky130_fd_sc_hd__mux4_1".
Reading "GV_sky130_fd_sc_hd__mux2_4_RegFile_gds".
Reading "GV_sky130_fd_sc_hd__mux2_1_RegFile_gds".
Reading "GV_sky130_fd_sc_hd__inv_2_RegFile_gds".
Reading "GV_sky130_fd_sc_hd__or3_1_RegFile_gds".
Reading "GV_sky130_fd_sc_hd__or2_2_RegFile_gds".
Reading "GV_sky130_fd_sc_hd__tapvpwrvgnd_1_RegFile_gds".
Reading "GV_RegFile_VIA6".
Reading "GV_RegFile_VIA5".
Reading "GV_RegFile_VIA4".
Reading "GV_RegFile_VIA3".
Reading "GV_RegFile_VIA2".
Reading "GV_RegFile_VIA1".
Reading "GV_RegFile_VIA0".
Reading "GV_M1M2_PR_R_RegFile_gds".
Reading "GV_M1M2_PR_MR_RegFile_gds".
Reading "GV_M2M3_PR_R_RegFile_gds".
Reading "GV_M1M2_PR_M_RegFile_gds".
Reading "GV_M3M4_PR_RegFile_gds".
Reading "GV_M2M3_PR_RegFile_gds".
Reading "GV_L1M1_PR_RegFile_gds".
Reading "GV_M1M2_PR_RegFile_gds".
Reading "GV_sky130_ef_sc_hd__fill_8_LUT4AB_gds".
Reading "GV_sky130_ef_sc_hd__fill_12_LUT4AB_gds".
Reading "GV_sky130_ef_sc_hd__decap_12_LUT4AB_gds".
Moving label "VGND" from space to metal1 in cell GV_sky130_ef_sc_hd__decap_12_LUT4AB_gds.
Moving label "VNB" from space to metal1 in cell GV_sky130_ef_sc_hd__decap_12_LUT4AB_gds.
Moving label "decap_12" from space to metal1 in cell GV_sky130_ef_sc_hd__decap_12_LUT4AB_gds.
Reading "GV_sky130_fd_sc_hd__decap_3_LUT4AB_gds".
Reading "GV_sky130_fd_sc_hd__decap_4_LUT4AB_gds".
Reading "GV_sky130_fd_sc_hd__decap_8_LUT4AB_gds".
Reading "GV_sky130_fd_sc_hd__clkinv_16_LUT4AB_gds".
Reading "GV_sky130_fd_sc_hd__clkinv_8_LUT4AB_gds".
Reading "GV_sky130_fd_sc_hd__clkinv_4_LUT4AB_gds".
Reading "GV_sky130_fd_sc_hd__clkbuf_1_LUT4AB_gds".
Reading "GV_sky130_fd_sc_hd__buf_8_LUT4AB_gds".
Reading "GV_sky130_fd_sc_hd__buf_2_LUT4AB_gds".
Reading "GV_sky130_fd_sc_hd__dlygate4sd3_1_LUT4AB_gds".
Reading "GV_sky130_fd_sc_hd__dlygate4sd2_1_LUT4AB_gds".
Reading "GV_sky130_fd_sc_hd__dlxbp_1_LUT4AB_gds".
Reading "GV_sky130_fd_sc_hd__diode_2_LUT4AB_gds".
Reading "GV_sky130_fd_sc_hd__dfxtp_2_LUT4AB_gds".
Reading "GV_sky130_fd_sc_hd__fill_1_LUT4AB_gds".
Reading "GV_sky130_fd_sc_hd__nor2_1_LUT4AB_gds".
Reading "GV_sky130_fd_sc_hd__mux4_2_LUT4AB_gds".
Reading "GV_sky130_fd_sc_hd__mux2_4_LUT4AB_gds".
Reading "GV_sky130_fd_sc_hd__mux2_2_LUT4AB_gds".
Reading "GV_sky130_fd_sc_hd__mux2_1_LUT4AB_gds".
Reading "GV_sky130_fd_sc_hd__conb_1_LUT4AB_gds".
Reading "GV_sky130_fd_sc_hd__inv_2_LUT4AB_gds".
Reading "GV_sky130_fd_sc_hd__o22a_1_LUT4AB_gds".
Reading "GV_sky130_fd_sc_hd__tapvpwrvgnd_1_LUT4AB_gds".
Reading "GV_LUT4AB_VIA6".
Reading "GV_LUT4AB_VIA5".
Reading "GV_LUT4AB_VIA4".
Reading "GV_LUT4AB_VIA3".
Reading "GV_LUT4AB_VIA2".
Reading "GV_LUT4AB_VIA1".
Reading "GV_LUT4AB_VIA0".
Reading "GV_M1M2_PR_R_LUT4AB_gds".
Reading "GV_L1M1_PR_R_LUT4AB_gds".
Reading "GV_M1M2_PR_MR_LUT4AB_gds".
Reading "GV_M3M4_PR_LUT4AB_gds".
Reading "GV_M1M2_PR_M_LUT4AB_gds".
Reading "GV_M2M3_PR_LUT4AB_gds".
Reading "GV_M1M2_PR_LUT4AB_gds".
Reading "GV_L1M1_PR_LUT4AB_gds".
Reading "GV_sky130_fd_sc_hd__decap_3_RAM_IO_gds".
Reading "GV_sky130_fd_sc_hd__decap_4_RAM_IO_gds".
Reading "GV_sky130_fd_sc_hd__clkinv_8_RAM_IO_gds".
Reading "GV_sky130_fd_sc_hd__clkinv_4_RAM_IO_gds".
Reading "GV_sky130_fd_sc_hd__clkinv_16_RAM_IO_gds".
Reading "GV_sky130_fd_sc_hd__clkdlybuf4s50_1_RAM_IO_gds".
Reading "GV_sky130_fd_sc_hd__clkbuf_4_RAM_IO_gds".
Reading "GV_sky130_fd_sc_hd__clkdlybuf4s25_1_RAM_IO_gds".
Reading "GV_sky130_fd_sc_hd__clkbuf_1_RAM_IO_gds".
Reading "GV_sky130_fd_sc_hd__buf_8_RAM_IO_gds".
Reading "GV_sky130_fd_sc_hd__buf_4_RAM_IO_gds".
Reading "GV_sky130_fd_sc_hd__buf_2_RAM_IO_gds".
Reading "GV_sky130_fd_sc_hd__buf_1_RAM_IO_gds".
Reading "GV_sky130_fd_sc_hd__dlygate4sd3_1_RAM_IO_gds".
Reading "GV_sky130_fd_sc_hd__dlygate4sd2_1_RAM_IO_gds".
Reading "GV_sky130_fd_sc_hd__dlxbp_1_RAM_IO_gds".
Reading "GV_sky130_fd_sc_hd__diode_2_RAM_IO_gds".
Reading "GV_sky130_fd_sc_hd__dfxtp_2_RAM_IO_gds".
Reading "GV_sky130_fd_sc_hd__dfxtp_1".
Reading "GV_sky130_fd_sc_hd__fill_8".
Reading "GV_sky130_fd_sc_hd__fill_4_RAM_IO_gds".
Reading "GV_sky130_fd_sc_hd__fill_2_RAM_IO_gds".
Reading "GV_sky130_fd_sc_hd__fill_1_RAM_IO_gds".
Reading "GV_sky130_fd_sc_hd__mux4_2_RAM_IO_gds".
Reading "GV_sky130_fd_sc_hd__mux2_1_RAM_IO_gds".
Reading "GV_sky130_fd_sc_hd__conb_1_RAM_IO_gds".
Reading "GV_sky130_fd_sc_hd__tapvpwrvgnd_1_RAM_IO_gds".
Reading "GV_RAM_IO_VIA6".
Reading "GV_RAM_IO_VIA5".
Reading "GV_RAM_IO_VIA4".
Reading "GV_RAM_IO_VIA3".
Reading "GV_RAM_IO_VIA2".
Reading "GV_RAM_IO_VIA1".
Reading "GV_RAM_IO_VIA0".
Reading "GV_L1M1_PR_R_RAM_IO_gds".
Reading "GV_M1M2_PR_MR_RAM_IO_gds".
Reading "GV_M1M2_PR_R_RAM_IO_gds".
Reading "GV_M2M3_PR_R".
Reading "GV_M1M2_PR_M_RAM_IO_gds".
Reading "GV_M3M4_PR_RAM_IO_gds".
Reading "GV_M2M3_PR_RAM_IO_gds".
Reading "GV_L1M1_PR_RAM_IO_gds".
Reading "GV_M1M2_PR_RAM_IO_gds".
Reading "GV_sky130_ef_sc_hd__fill_8_DSP_gds".
Reading "GV_sky130_ef_sc_hd__fill_12_DSP_gds".
Reading "GV_sky130_ef_sc_hd__decap_12_DSP_gds".
Moving label "VGND" from space to metal1 in cell GV_sky130_ef_sc_hd__decap_12_DSP_gds.
Moving label "VNB" from space to metal1 in cell GV_sky130_ef_sc_hd__decap_12_DSP_gds.
Moving label "decap_12" from space to metal1 in cell GV_sky130_ef_sc_hd__decap_12_DSP_gds.
Reading "GV_sky130_fd_sc_hd__a32o_1_DSP_gds".
Reading "GV_sky130_fd_sc_hd__a22o_1_DSP_gds".
Reading "GV_sky130_fd_sc_hd__a31oi_1_DSP_gds".
Reading "GV_sky130_fd_sc_hd__a31o_2_DSP_gds".
Reading "GV_sky130_fd_sc_hd__a22oi_1_DSP_gds".
Reading "GV_sky130_fd_sc_hd__a21oi_1_DSP_gds".
Reading "GV_sky130_fd_sc_hd__a21o_1_DSP_gds".
Reading "GV_sky130_fd_sc_hd__a21bo_2_DSP_gds".
Reading "GV_sky130_fd_sc_hd__a2bb2oi_1_DSP_gds".
Reading "GV_sky130_fd_sc_hd__a2bb2o_1_DSP_gds".
Reading "GV_sky130_fd_sc_hd__and4_1_DSP_gds".
Reading "GV_sky130_fd_sc_hd__and2b_1_DSP_gds".
Reading "GV_sky130_fd_sc_hd__and2_1_DSP_gds".
Reading "GV_sky130_fd_sc_hd__a221o_1_DSP_gds".
Reading "GV_sky130_fd_sc_hd__decap_3".
Reading "GV_sky130_fd_sc_hd__decap_4".
Reading "GV_sky130_fd_sc_hd__decap_8_DSP_gds".
Reading "GV_sky130_fd_sc_hd__clkinv_4_DSP_gds".
Reading "GV_sky130_fd_sc_hd__clkdlybuf4s50_1_DSP_gds".
Reading "GV_sky130_fd_sc_hd__clkbuf_4_DSP_gds".
Reading "GV_sky130_fd_sc_hd__clkdlybuf4s25_1_DSP_gds".
Reading "GV_sky130_fd_sc_hd__clkbuf_1_DSP_gds".
Reading "GV_sky130_fd_sc_hd__buf_12_DSP_gds".
Reading "GV_sky130_fd_sc_hd__buf_8_DSP_gds".
Reading "GV_sky130_fd_sc_hd__buf_2_DSP_gds".
Reading "GV_sky130_fd_sc_hd__buf_1_DSP_gds".
Reading "GV_sky130_fd_sc_hd__dlygate4sd3_1_DSP_gds".
Reading "GV_sky130_fd_sc_hd__dlygate4sd2_1_DSP_gds".
Reading "GV_sky130_fd_sc_hd__dlxbp_1".
Reading "GV_sky130_fd_sc_hd__diode_2_DSP_gds".
Reading "GV_sky130_fd_sc_hd__dfxtp_2_DSP_gds".
Reading "GV_sky130_fd_sc_hd__fill_1_DSP_gds".
Reading "GV_sky130_fd_sc_hd__nor2_1_DSP_gds".
Reading "GV_sky130_fd_sc_hd__mux4_2".
Reading "GV_sky130_fd_sc_hd__nand2_1_DSP_gds".
Reading "GV_sky130_fd_sc_hd__mux2_4_DSP_gds".
Reading "GV_sky130_fd_sc_hd__mux2_2_DSP_gds".
Reading "GV_sky130_fd_sc_hd__mux2_1_DSP_gds".
Reading "GV_sky130_fd_sc_hd__conb_1_DSP_gds".
Reading "GV_sky130_fd_sc_hd__inv_2_DSP_gds".
Reading "GV_sky130_fd_sc_hd__o32a_1_DSP_gds".
Reading "GV_sky130_fd_sc_hd__o31a_1_DSP_gds".
Reading "GV_sky130_fd_sc_hd__o22ai_1_DSP_gds".
Reading "GV_sky130_fd_sc_hd__o22a_1_DSP_gds".
Reading "GV_sky130_fd_sc_hd__o21ba_2".
Reading "GV_sky130_fd_sc_hd__o21ai_1_DSP_gds".
Reading "GV_sky130_fd_sc_hd__o21a_1_DSP_gds".
Reading "GV_sky130_fd_sc_hd__o2bb2a_1_DSP_gds".
Reading "GV_sky130_fd_sc_hd__or4_1_DSP_gds".
Reading "GV_sky130_fd_sc_hd__or3_1_DSP_gds".
Reading "GV_sky130_fd_sc_hd__or2b_1_DSP_gds".
Reading "GV_sky130_fd_sc_hd__or2_2_DSP_gds".
Reading "GV_sky130_fd_sc_hd__o221a_2_DSP_gds".
Reading "GV_sky130_fd_sc_hd__tapvpwrvgnd_1_DSP_gds".
Reading "GV_sky130_fd_sc_hd__xnor2_1_DSP_gds".
Reading "GV_sky130_fd_sc_hd__xor2_1_DSP_gds".
Reading "GV_DSP_VIA6".
Reading "GV_DSP_VIA5".
Reading "GV_DSP_VIA4".
Reading "GV_DSP_VIA3".
Reading "GV_DSP_VIA2".
Reading "GV_DSP_VIA1".
Reading "GV_DSP_VIA0".
Reading "GV_L1M1_PR_R_DSP_gds".
Reading "GV_M1M2_PR_MR_DSP_gds".
Reading "GV_M1M2_PR_R_DSP_gds".
Reading "GV_M3M4_PR_DSP_gds".
Reading "GV_M2M3_PR_DSP_gds".
Reading "GV_M1M2_PR_M_DSP_gds".
Reading "GV_L1M1_PR_DSP_gds".
Reading "GV_M1M2_PR_DSP_gds".
Reading "GV_sky130_sram_1kbyte_1rw1r_32x256_8_contact_40".
Reading "GV_sky130_sram_1kbyte_1rw1r_32x256_8_contact_39".
Reading "GV_sky130_sram_1kbyte_1rw1r_32x256_8_row_addr_dff".
Reading "GV_sky130_sram_1kbyte_1rw1r_32x256_8_col_addr_dff".
Reading "GV_sky130_sram_1kbyte_1rw1r_32x256_8_wmask_dff".
Reading "GV_sky130_sram_1kbyte_1rw1r_32x256_8_cr_3".
Reading "GV_sky130_sram_1kbyte_1rw1r_32x256_8_control_logic_rw".
Reading "GV_sky130_sram_1kbyte_1rw1r_32x256_8_cr_5".
Reading "GV_sky130_sram_1kbyte_1rw1r_32x256_8_control_logic_r".
Reading "GV_sky130_sram_1kbyte_1rw1r_32x256_8_cr_4".
Reading "GV_sky130_sram_1kbyte_1rw1r_32x256_8_data_dff".
Reading "GV_sky130_sram_1kbyte_1rw1r_32x256_8_bank".
Reading "GV_sky130_fd_sc_hd__decap_6".
Reading "GV_sky130_fd_sc_hd__fill_2".
Reading "GV_sky130_fd_sc_hd__fill_4".
Reading "GV_sky130_fd_sc_hd__clkdlybuf4s15_1".
Reading "GV_flexbex_ibex_core".
    5000 uses
    10000 uses
    15000 uses
    20000 uses
    25000 uses
    30000 uses
    35000 uses
    40000 uses
    45000 uses
    50000 uses
    55000 uses
    60000 uses
    65000 uses
    70000 uses
    75000 uses
    80000 uses
    85000 uses
    90000 uses
    95000 uses
    100000 uses
    105000 uses
    110000 uses
    115000 uses
    120000 uses
    125000 uses
    130000 uses
    135000 uses
    140000 uses
    145000 uses
    150000 uses
    155000 uses
    160000 uses
    165000 uses
    170000 uses
    175000 uses
    180000 uses
    185000 uses
    190000 uses
    195000 uses
Reading "GV_ibex_top".
    5000 uses
    10000 uses
    15000 uses
    20000 uses
    25000 uses
    30000 uses
    35000 uses
    40000 uses
    45000 uses
    50000 uses
    55000 uses
    60000 uses
    65000 uses
    70000 uses
    75000 uses
    80000 uses
    85000 uses
    90000 uses
    95000 uses
    100000 uses
    105000 uses
    110000 uses
    115000 uses
    120000 uses
    125000 uses
    130000 uses
    135000 uses
    140000 uses
    145000 uses
    150000 uses
    155000 uses
    160000 uses
    165000 uses
    170000 uses
    175000 uses
    180000 uses
    185000 uses
    190000 uses
    195000 uses
    200000 uses
    205000 uses
    210000 uses
    215000 uses
    220000 uses
    225000 uses
    230000 uses
    235000 uses
    240000 uses
    245000 uses
Reading "GV_E_CPU_IO_bot".
    5000 uses
Reading "GV_W_CPU_IO_bot".
    5000 uses
Reading "GV_E_CPU_IO".
Reading "GV_W_CPU_IO".
Reading "GV_W_IO".
    5000 uses
Reading "GV_S_term_single2".
Reading "GV_S_term_DSP".
Reading "GV_S_term_single".
Reading "GV_S_term_RAM_IO".
Reading "GV_N_term_single2".
Reading "GV_N_term_DSP".
Reading "GV_N_term_single".
Reading "GV_N_term_RAM_IO".
Reading "GV_RegFile".
    5000 uses
    10000 uses
    15000 uses
    20000 uses
    25000 uses
Reading "GV_LUT4AB".
    5000 uses
    10000 uses
    15000 uses
    20000 uses
Reading "GV_RAM_IO".
    5000 uses
    10000 uses
    15000 uses
Reading "GV_DSP".
    5000 uses
    10000 uses
    15000 uses
    20000 uses
    25000 uses
    30000 uses
    35000 uses
    40000 uses
Reading "GV_sky130_sram_1kbyte_1rw1r_32x256_8".
    5000 uses
Reading "GV_sky130_ef_sc_hd__fill_8".
Reading "GV_sky130_ef_sc_hd__fill_12".
Reading "GV_sky130_ef_sc_hd__decap_12".
Moving label "VGND" from space to metal1 in cell GV_sky130_ef_sc_hd__decap_12.
Moving label "VNB" from space to metal1 in cell GV_sky130_ef_sc_hd__decap_12.
Moving label "decap_12" from space to metal1 in cell GV_sky130_ef_sc_hd__decap_12.
Reading "GV_sky130_fd_sc_hd__a41o_1".
Reading "GV_sky130_fd_sc_hd__a32o_1".
Reading "GV_sky130_fd_sc_hd__a22o_1".
Reading "GV_sky130_fd_sc_hd__a31oi_1".
Reading "GV_sky130_fd_sc_hd__a31o_2".
Reading "GV_sky130_fd_sc_hd__a22oi_1".
Reading "GV_sky130_fd_sc_hd__a22oi_2".
Reading "GV_sky130_fd_sc_hd__a21oi_1".
Reading "GV_sky130_fd_sc_hd__a21o_1".
Reading "GV_sky130_fd_sc_hd__a21boi_1".
Reading "GV_sky130_fd_sc_hd__a21bo_2".
Reading "GV_sky130_fd_sc_hd__a2bb2oi_2".
Reading "GV_sky130_fd_sc_hd__a2bb2oi_1".
Reading "GV_sky130_fd_sc_hd__a2bb2o_1".
Reading "GV_sky130_fd_sc_hd__and4b_1".
Reading "GV_sky130_fd_sc_hd__and4_1".
Reading "GV_sky130_fd_sc_hd__and3b_1".
Reading "GV_sky130_fd_sc_hd__and3_1".
Reading "GV_sky130_fd_sc_hd__and3_2".
Reading "GV_sky130_fd_sc_hd__and2b_1".
Reading "GV_sky130_fd_sc_hd__and2_1".
Reading "GV_sky130_fd_sc_hd__a221o_1".
Reading "GV_sky130_fd_sc_hd__a311o_1".
Reading "GV_sky130_fd_sc_hd__a211oi_1".
Reading "GV_sky130_fd_sc_hd__a211o_1".
Reading "GV_sky130_fd_sc_hd__dfrtp_2".
Reading "GV_sky130_fd_sc_hd__decap_8".
Reading "GV_sky130_fd_sc_hd__clkinv_16".
Reading "GV_sky130_fd_sc_hd__clkinv_8".
Reading "GV_sky130_fd_sc_hd__clkinv_4".
Reading "GV_sky130_fd_sc_hd__clkinv_2".
Reading "GV_sky130_fd_sc_hd__clkinv_1".
Reading "GV_sky130_fd_sc_hd__clkdlybuf4s50_2".
Reading "GV_sky130_fd_sc_hd__clkdlybuf4s50_1".
Reading "GV_sky130_fd_sc_hd__clkbuf_2".
Reading "GV_sky130_fd_sc_hd__clkbuf_4".
Reading "GV_sky130_fd_sc_hd__clkbuf_8".
Reading "GV_sky130_fd_sc_hd__clkdlybuf4s18_2".
Reading "GV_sky130_fd_sc_hd__clkdlybuf4s25_1".
Reading "GV_sky130_fd_sc_hd__clkdlybuf4s25_2".
Reading "GV_sky130_fd_sc_hd__clkbuf_1".
Reading "GV_sky130_fd_sc_hd__buf_12".
Reading "GV_sky130_fd_sc_hd__buf_8".
Reading "GV_sky130_fd_sc_hd__buf_6".
Reading "GV_sky130_fd_sc_hd__buf_4".
Reading "GV_sky130_fd_sc_hd__buf_2".
Reading "GV_sky130_fd_sc_hd__buf_1".
Reading "GV_sky130_fd_sc_hd__dlygate4sd3_1".
Reading "GV_sky130_fd_sc_hd__dlygate4sd2_1".
Reading "GV_sky130_fd_sc_hd__diode_2".
Reading "GV_sky130_fd_sc_hd__dfxtp_2".
Reading "GV_sky130_fd_sc_hd__dfstp_2".
Reading "GV_sky130_fd_sc_hd__inv_8".
Reading "GV_sky130_fd_sc_hd__inv_12".
Reading "GV_sky130_fd_sc_hd__inv_6".
Reading "GV_sky130_fd_sc_hd__inv_4".
Reading "GV_sky130_fd_sc_hd__fill_1".
Reading "GV_sky130_fd_sc_hd__nor3_2".
Reading "GV_sky130_fd_sc_hd__nor3_1".
Reading "GV_sky130_fd_sc_hd__nor2_1".
Reading "GV_sky130_fd_sc_hd__nand4b_1".
Reading "GV_sky130_fd_sc_hd__nand4_1".
Reading "GV_sky130_fd_sc_hd__nand3b_1".
Reading "GV_sky130_fd_sc_hd__nand2b_1".
Reading "GV_sky130_fd_sc_hd__nand2_1".
Reading "GV_sky130_fd_sc_hd__mux2_4".
Reading "GV_sky130_fd_sc_hd__mux2_2".
Reading "GV_sky130_fd_sc_hd__mux2_1".
Reading "GV_sky130_fd_sc_hd__conb_1".
Reading "GV_sky130_fd_sc_hd__inv_2".
Reading "GV_sky130_fd_sc_hd__nand2_2".
Reading "GV_sky130_fd_sc_hd__nor2_2".
Reading "GV_sky130_fd_sc_hd__o41a_1".
Reading "GV_sky130_fd_sc_hd__o32a_1".
Reading "GV_sky130_fd_sc_hd__o31a_1".
Reading "GV_sky130_fd_sc_hd__o22ai_1".
Reading "GV_sky130_fd_sc_hd__o22a_1".
Reading "GV_sky130_fd_sc_hd__o21ai_1".
Reading "GV_sky130_fd_sc_hd__o21a_1".
Reading "GV_sky130_fd_sc_hd__o2bb2ai_1".
Reading "GV_sky130_fd_sc_hd__o2bb2a_1".
Reading "GV_sky130_fd_sc_hd__nor4_1".
Reading "GV_sky130_fd_sc_hd__or4bb_1".
Reading "GV_sky130_fd_sc_hd__or4b_2".
Reading "GV_sky130_fd_sc_hd__or4_4".
Reading "GV_sky130_fd_sc_hd__or4_2".
Reading "GV_sky130_fd_sc_hd__or4_1".
Reading "GV_sky130_fd_sc_hd__or3b_4".
Reading "GV_sky130_fd_sc_hd__or3b_2".
Reading "GV_sky130_fd_sc_hd__or3_4".
Reading "GV_sky130_fd_sc_hd__or3_2".
Reading "GV_sky130_fd_sc_hd__or3_1".
Reading "GV_sky130_fd_sc_hd__or2b_1".
Reading "GV_sky130_fd_sc_hd__or2_4".
Reading "GV_sky130_fd_sc_hd__or2_2".
Reading "GV_sky130_fd_sc_hd__o2111ai_1".
Reading "GV_sky130_fd_sc_hd__o311a_1".
Reading "GV_sky130_fd_sc_hd__o2111a_1".
Reading "GV_sky130_fd_sc_hd__o221ai_1".
Reading "GV_sky130_fd_sc_hd__o221a_2".
Reading "GV_sky130_fd_sc_hd__o211ai_1".
Reading "GV_sky130_fd_sc_hd__o211a_2".
Reading "GV_sky130_fd_sc_hd__tapvpwrvgnd_1".
Reading "GV_sky130_fd_sc_hd__xnor2_1".
Reading "GV_sky130_fd_sc_hd__xor2_1".
Reading "GV_eFPGA_CPU_top_VIA36".
Reading "GV_eFPGA_CPU_top_VIA35".
Reading "GV_eFPGA_CPU_top_VIA34".
Reading "GV_eFPGA_CPU_top_VIA33".
Reading "GV_eFPGA_CPU_top_VIA32".
Reading "GV_eFPGA_CPU_top_VIA31".
Reading "GV_eFPGA_CPU_top_VIA30".
Reading "GV_eFPGA_CPU_top_VIA29".
Reading "GV_eFPGA_CPU_top_VIA28".
Reading "GV_eFPGA_CPU_top_VIA27".
Reading "GV_eFPGA_CPU_top_VIA26".
Reading "GV_eFPGA_CPU_top_VIA25".
Reading "GV_eFPGA_CPU_top_VIA24".
Reading "GV_eFPGA_CPU_top_VIA23".
Reading "GV_eFPGA_CPU_top_VIA22".
Reading "GV_eFPGA_CPU_top_VIA21".
Reading "GV_eFPGA_CPU_top_VIA20".
Reading "GV_eFPGA_CPU_top_VIA19".
Reading "GV_eFPGA_CPU_top_VIA18".
Reading "GV_eFPGA_CPU_top_VIA17".
Reading "GV_eFPGA_CPU_top_VIA16".
Reading "GV_eFPGA_CPU_top_VIA15".
Reading "GV_eFPGA_CPU_top_VIA14".
Reading "GV_eFPGA_CPU_top_VIA13".
Reading "GV_eFPGA_CPU_top_VIA12".
Reading "GV_eFPGA_CPU_top_VIA11".
Reading "GV_eFPGA_CPU_top_VIA10".
Reading "GV_eFPGA_CPU_top_VIA9".
Reading "GV_eFPGA_CPU_top_VIA8".
Reading "GV_eFPGA_CPU_top_VIA7".
Reading "GV_eFPGA_CPU_top_VIA6".
Reading "GV_eFPGA_CPU_top_VIA5".
Reading "GV_eFPGA_CPU_top_VIA4".
Reading "GV_eFPGA_CPU_top_VIA3".
Reading "GV_eFPGA_CPU_top_VIA2".
Reading "GV_eFPGA_CPU_top_VIA1".
Reading "GV_eFPGA_CPU_top_VIA0".
Reading "GV_L1M1_PR_R".
Reading "GV_M1M2_PR_MR".
Reading "GV_M1M2_PR_R".
Reading "GV_M1M2_PR_M".
Reading "GV_M3M4_PR".
Reading "GV_M2M3_PR".
Reading "GV_L1M1_PR".
Reading "GV_M1M2_PR".
Reading "GV_eFPGA_CPU_top".
    5000 uses
    10000 uses
    15000 uses
    20000 uses
    25000 uses
    30000 uses
    35000 uses
    40000 uses
    45000 uses
    50000 uses
    55000 uses
    60000 uses
    65000 uses
    70000 uses
    75000 uses
    80000 uses
    85000 uses
    90000 uses
    95000 uses
    100000 uses
    105000 uses
    110000 uses
    115000 uses
    120000 uses
    125000 uses
    130000 uses
    135000 uses
    140000 uses
    145000 uses
    150000 uses
    155000 uses
    160000 uses
    165000 uses
    170000 uses
    175000 uses
    180000 uses
    185000 uses
    190000 uses
    195000 uses
    200000 uses
    205000 uses
    210000 uses
    215000 uses
    220000 uses
    225000 uses
    230000 uses
    235000 uses
    240000 uses
    245000 uses
    250000 uses
    255000 uses
    260000 uses
    265000 uses
    270000 uses
    275000 uses
    280000 uses
    285000 uses
    290000 uses
    295000 uses
    300000 uses
    305000 uses
    310000 uses
    315000 uses
    320000 uses
    325000 uses
    330000 uses
    335000 uses
Reading "user_project_wrapper".
Reading "caravel".
Flattening layout of tile x=0 y=0. . . 
Flattening layout of tile x=1 y=0. . . 
Flattening layout of tile x=2 y=0. . . 
Flattening layout of tile x=3 y=0. . . 
Flattening layout of tile x=4 y=0. . . 
Flattening layout of tile x=5 y=0. . . 
Flattening layout of tile x=0 y=1. . . 
Flattening layout of tile x=1 y=1. . . 
Flattening layout of tile x=2 y=1. . . 
Flattening layout of tile x=3 y=1. . . 
Flattening layout of tile x=4 y=1. . . 
Flattening layout of tile x=5 y=1. . . 
Flattening layout of tile x=0 y=2. . . 
Flattening layout of tile x=1 y=2. . . 
Flattening layout of tile x=2 y=2. . . 
Flattening layout of tile x=3 y=2. . . 
Flattening layout of tile x=4 y=2. . . 
Flattening layout of tile x=5 y=2. . . 
Flattening layout of tile x=0 y=3. . . 
Flattening layout of tile x=1 y=3. . . 
Flattening layout of tile x=2 y=3. . . 
Flattening layout of tile x=3 y=3. . . 
Flattening layout of tile x=4 y=3. . . 
Flattening layout of tile x=5 y=3. . . 
Flattening layout of tile x=0 y=4. . . 
Flattening layout of tile x=1 y=4. . . 
Flattening layout of tile x=2 y=4. . . 
Flattening layout of tile x=3 y=4. . . 
Flattening layout of tile x=4 y=4. . . 
Flattening layout of tile x=5 y=4. . . 
Flattening layout of tile x=0 y=5. . . 
Flattening layout of tile x=1 y=5. . . 
Flattening layout of tile x=2 y=5. . . 
Flattening layout of tile x=3 y=5. . . 
Flattening layout of tile x=4 y=5. . . 
Flattening layout of tile x=5 y=5. . . 
Flattening layout of tile x=0 y=6. . . 
Flattening layout of tile x=1 y=6. . . 
Flattening layout of tile x=2 y=6. . . 
Flattening layout of tile x=3 y=6. . . 
Flattening layout of tile x=4 y=6. . . 
Flattening layout of tile x=5 y=6. . . 
Flattening layout of tile x=0 y=7. . . 
Flattening layout of tile x=1 y=7. . . 
Flattening layout of tile x=2 y=7. . . 
Flattening layout of tile x=3 y=7. . . 
Flattening layout of tile x=4 y=7. . . 
Flattening layout of tile x=5 y=7. . . 
Ended: 12/28/2021 23:37:11
